Date,EWJ,EWZ,FXI,EWY,EWT,EWH,EWC,EWG,EWU,EWA,EWW,EWL,EWP,EWQ,EIDO,ERUS,EWS,EWM,EZA,THD,ECH,EWI,TUR,EPOL,EPHE,EWD,EWN,EPU,ENZL,EIS,EWO,EIRL,EWK
06/07/2021,67.660004,38.330002,44.220001,92.32,64.419998,26.540001,37.34,34.41,32.830002,25.799999,47.650002,48.77,28.35,37.599998,20.33,242.839996,23.57,25.360001,48.330002,76.839996,27.52,32.330002,21.4,21.549999,30.77,46.73,48.02,28.43,1.1,69.75,24.09,57.959999,22.040001
07/07/2021,67.690002,38.740002,44.299999,91.580002,64.5,26.83,37.209999,34.75,33.049999,26.08,47.860001,49.139999,28.280001,37.720001,20.299999,247.600006,23.120001,25.33,49,76.209999,27.620001,32.34,21.540001,21.99,30.459999,47.209999,48.279999,28.540001,1.09,69.879997,24.01,58.189999,22.049999
08/07/2021,66.639999,38.130001,42.919998,89.540001,63.599998,26.459999,36.68,34.279999,32.52,25.68,47.220001,49.080002,27.809999,37.110001,20.02,250.490005,22.719999,24.77,48,74.339996,27.24,31.620001,21.35,21.620001,30.120001,46.700001,47.419998,28.549999,1.1,68.839996,23.700001,57.040001,21.889999
09/07/2021,68.43,38.619999,44.150002,90.209999,64.459999,26.51,37.259998,34.919998,33.169998,26.120001,47.849998,49.279999,28.26,37.91,20.33,252.190002,23.190001,25.08,48.869999,75.25,27.83,32.209999,21.51,21.83,29.969999,47.27,48.189999,29.1,1.09,69.629997,24.17,57.91,22.23
12/07/2021,68.629997,39.389999,44,90.900002,64.68,26.68,37.25,35.139999,33.200001,26.08,47.849998,49.630001,28.379999,38.029999,20.4,258.390015,23.290001,24.940001,48.68,74.769997,27.84,32.52,21.25,21.809999,30.200001,47.630001,48.630001,28.879999,1.09,69.68,24.110001,57.470001,22.27
13/07/2021,68.410004,39.43,44.5,90.669998,64.459999,26.799999,37.130001,34.860001,33.07,25.93,46.959999,49.439999,27.799999,37.73,20,256.609985,23.27,24.950001,46.959999,75.300003,27.43,32.049999,21.129999,21.6,29.75,47.529999,48.560001,28.790001,1.09,69.260002,23.92,56.810001,22.25
14/07/2021,68.75,40.279999,44.310001,91.279999,64.800003,26.639999,36.919998,35.009998,32.98,26.030001,47.880001,49.5,27.73,37.869999,19.969999,259.98999,23.209999,24.92,48.669998,75.610001,27.309999,32.139999,21.32,21.73,29.91,47.73,48.91,28.51,1.09,69.029999,24.09,56.950001,22.209999
15/07/2021,67.910004,39.82,44.740002,91.660004,64.660004,26.780001,36.759998,34.59,32.599998,25.780001,48.400002,49.169998,27.26,37.459999,20.120001,262.179993,23,25.110001,48.290001,74.849998,26.809999,31.73,21.290001,21.58,29.5,47.349998,48.400002,28.57,1.08,68.150002,23.860001,56.48,21.9
16/07/2021,67.220001,39.290001,44.400002,90.709999,64.440002,26.860001,36.330002,34.310001,32.310001,25.6,48.450001,49.119999,27.08,37.200001,20.24,263.970001,22.9,25.040001,47.990002,74.82,26.709999,31.51,21.32,21.540001,29.08,46.880001,47.860001,28.41,1.08,67.720001,23.66,55.93,21.85
19/07/2021,66.260002,37.830002,43.810001,88.610001,63.52,26.35,35.5,33.57,31.440001,25.059999,46.93,48.619999,26.51,36.34,19.889999,258.540009,22.559999,24.76,46.779999,73.809998,27.35,30.65,20.92,20.91,28.389999,46.130001,47.049999,27.84,1.09,67.160004,23.15,54.349998,21.43
20/07/2021,67.050003,38.169998,43.59,89.940002,63.689999,26.450001,36.07,33.73,31.610001,25.370001,46.869999,48.830002,26.74,36.689999,19.959999,260.369995,22.83,24.83,47.029999,73.510002,27.799999,30.91,21.09,21,28.48,46.259998,47.259998,27.99,1.06,68.099998,23.48,55.080002,21.68
21/07/2021,67.529999,38.73,43.720001,89.459999,63.779999,26.790001,36.75,34.23,32.240002,25.75,47.419998,49.389999,27.440001,37.389999,20.290001,260.899994,22.9,25,47.68,73.949997,28.209999,31.65,21.25,21.530001,28.52,47.209999,48.380001,28.67,1.05,69.190002,23.83,56.27,22.120001
22/07/2021,67.489998,38.66,43.900002,90.199997,63.75,26.959999,36.709999,34.310001,32.16,25.709999,47.810001,49.080002,27.450001,37.360001,20.559999,259.119995,23.190001,25.02,47.700001,73.879997,27.719999,31.700001,21.309999,21.41,28.809999,47.630001,48.880001,28.379999,1.06,69.330002,23.76,56.669998,22.110001
23/07/2021,67.870003,38.360001,42.779999,90.150002,63.720001,26.67,36.93,34.59,32.439999,25.889999,47.990002,49.59,27.719999,37.759998,20.209999,259.420013,23.18,24.92,47.150002,73.279999,26.98,32,21.23,21.440001,28.209999,48.130001,49.490002,28.07,1.06,69.790001,23.959999,57.189999,22.1
26/07/2021,67.629997,38.959999,40.490002,90.029999,63.290001,26.309999,36.919998,34.580002,32.619999,25.92,48.740002,49.549999,27.98,37.98,20.309999,266.779999,23.200001,24.93,46.619999,72.949997,26.68,32.349998,21.040001,21.469999,27.950001,48.689999,49.470001,28.299999,1.07,69.919998,24.370001,57.400002,22.219999
27/07/2021,67.260002,38.599998,39.16,89.129997,62.349998,25.52,36.799999,34.48,32.66,25.870001,48.919998,49.560001,27.889999,37.869999,20.1,264,23.120001,24.860001,46.599998,73.230003,26.48,32.189999,21.17,21.25,27.99,48.5,49.009998,28.209999,1.07,69.589996,24.32,57.490002,22.16
28/07/2021,67.620003,39.610001,41.52,89.959999,63,25.75,37.060001,34.549999,32.68,25.799999,49.310001,49.759998,27.889999,38.16,20.07,264.929993,23.200001,24.82,47.580002,73.540001,26.809999,32.380001,21.34,21.52,28.25,48.369999,49.610001,28.799999,1.07,70.610001,24.450001,58.080002,22.26
29/07/2021,67.849998,39.650002,40.939999,90.610001,64.059998,25.879999,37.439999,34.810001,33.07,26.02,49.740002,50.029999,28.08,38.43,20.190001,258.01001,23.559999,24.889999,48.619999,73.449997,27.559999,32.700001,21.99,21.879999,28.51,48.849998,50.209999,28.99,1.06,71.150002,24.65,58.66,22.129999
30/07/2021,67.110001,37.400002,40.540001,88.75,63.59,26.08,37.330002,34.52,32.790001,25.77,49.02,50.240002,27.780001,38.34,20.09,255.559998,23.49,24.690001,48.41,73.110001,27.35,32.490002,22.16,21.799999,27.969999,48.41,49.959999,26.85,1.07,70.790001,24.35,58.27,21.969999
02/08/2021,67.760002,38.02,41.119999,88.730003,63.740002,26.07,37.25,34.59,32.900002,25.959999,48.880001,50.439999,27.969999,38.57,20.200001,260.119995,23.190001,24.57,48.759998,72.589996,26.780001,32.32,22.290001,21.860001,28.110001,48.549999,50.110001,27.02,1.1,71.529999,24.52,58.369999,22.059999
03/08/2021,68.260002,38.119999,40.810001,90.050003,64.400002,26.18,37.27,34.68,33.290001,26.17,49.84,50.68,28.200001,38.950001,20.67,256.809998,23.370001,24.799999,49.439999,73.449997,26.549999,32.59,22.52,21.9,28.9,48.709999,50.27,26.92,1.1,71.290001,24.66,58.650002,22.15
04/08/2021,67.559998,37.639999,41.360001,91.290001,65.029999,26.059999,37.189999,34.779999,33.200001,26.15,49.049999,50.450001,28.01,38.849998,20.450001,259.769989,23.65,24.559999,49.060001,72.879997,26.620001,32.540001,22.34,21.98,28.9,48.889999,50.560001,26.5,1.1,71.18,24.629999,58.509998,22.15
05/08/2021,67.959999,37.299999,40.900002,91.510002,65.269997,25.940001,37.43,34.950001,33.330002,26.34,49.189999,50.57,28.09,39.110001,20.870001,261.130005,23.66,24.65,48.639999,72.330002,26.65,32.779999,22.49,22.049999,28.5,48.860001,50.689999,26.389999,1.09,70.110001,24.719999,58.740002,22.280001
06/08/2021,67.82,37.57,40.419998,90.389999,64.690002,25.889999,37.490002,34.740002,33.240002,26.34,48.84,50.119999,28.190001,39.09,20.440001,265.790009,23.58,24.51,48.189999,71.410004,26.549999,33.009998,22.389999,21.76,28.42,48.279999,50.450001,26.379999,1.09,69.709999,24.74,59.119999,22.200001
09/08/2021,67.779999,37.450001,41.169998,90.300003,64.389999,25.99,37.369999,34.650002,33.209999,26.24,48.43,50.139999,28.07,38.959999,20.1,269.380005,23.57,24.58,47.830002,71.959999,26.5,33.080002,22.209999,21.82,28.709999,48.119999,50.639999,25.879999,1.08,69.57,24.719999,59.27,22.15
10/08/2021,67.82,37.59,41.619999,89.010002,63.779999,25.91,37.619999,34.73,33.380001,26.379999,48.759998,50.259998,28.15,39,20.24,270.380005,23.790001,24.549999,47.799999,72.18,27.24,33.16,22.450001,21.790001,28.780001,48.189999,50.799999,26.200001,1.08,69.480003,24.860001,60.16,22.209999
11/08/2021,68.660004,37.52,41.970001,88.389999,63.790001,25.969999,37.810001,34.880001,33.689999,26.51,49.310001,50.389999,28.469999,39.240002,20.379999,271.049988,23.639999,24.709999,48.689999,72.889999,27.67,33.630001,22.08,21.9,28.940001,48.639999,51.029999,26.33,1.09,68.709999,25.17,61,22.299999
12/08/2021,68.43,36.84,41.330002,87.330002,63.57,25.76,37.73,35.080002,33.540001,26.43,49.080002,50.529999,28.440001,39.299999,20.6,274.640015,23.629999,24.66,48.09,72.419998,27.74,33.689999,22.74,22.040001,28.51,48.639999,50.860001,26.549999,1.08,69.25,25.18,60.990002,22.35
13/08/2021,68.639999,36.990002,41.349998,86.349998,62.77,26,37.709999,35.34,33.720001,26.610001,49.619999,51.040001,28.57,39.560001,20.76,271.470001,23.620001,24.77,48.450001,72.419998,27.969999,33.939999,23.040001,22.25,28.26,48.970001,51.240002,26.549999,1.08,69.360001,25.299999,61.240002,22.52
16/08/2021,68.169998,36.290001,40.66,85.949997,62.439999,26.16,37.490002,35.16,33.439999,26.33,49.540001,51.150002,28.35,39.299999,20.870001,270.309998,23.59,24.76,48.43,72.470001,26.99,33.709999,23.290001,22.200001,28.280001,48.150002,50.990002,26.18,1.07,68.940002,25.120001,60.82,22.42
17/08/2021,67.599998,35.970001,39.52,83.959999,60.580002,25.870001,37.099998,34.84,33.240002,25.690001,49.5,51.099998,27.92,38.880001,20.709999,265.190002,23.18,25,47.360001,72.82,26.799999,33.130001,23.26,22.040001,28.719999,47.619999,50.41,25.57,1.07,68.32,24.719999,60.040001,22.139999
18/08/2021,67.25,34.849998,39.84,84.379997,61.52,25.809999,36.889999,34.880001,33.060001,25.49,49.91,50.950001,28.15,38.470001,20.9,271.859985,23.35,24.82,47.099998,72.760002,26.940001,33.150002,23,21.76,28.75,47.360001,50.560001,25.15,1.07,69.18,25.040001,60.200001,22.200001
19/08/2021,66.610001,34.459999,39.040001,83,60.279999,25.809999,36.209999,34.509998,32.549999,25.280001,48.82,50.630001,28.08,37.790001,20.559999,272.480011,23.09,24.67,45.75,72.790001,26.85,32.75,22.639999,21.49,29.15,46.529999,50.419998,23.93,1.08,69.339996,24.540001,59.759998,21.84
20/08/2021,66.660004,34.860001,38.669998,82.620003,60.639999,25.690001,36.48,34.610001,32.700001,25.33,48.549999,50.82,28.24,37.970001,20.889999,272.160004,23.32,24.83,45.049999,73.379997,27.07,32.709999,23.040001,21.6,29.389999,47.18,50.790001,24.16,1.07,69.779999,24.549999,60.25,21.91
23/08/2021,67.540001,34.779999,39.419998,83.949997,61.98,25.84,37.220001,34.869999,32.919998,25.58,49.25,51.07,28.4,38.349998,21.200001,275.320007,23.1,25.01,46.419998,75.040001,27.370001,32.900002,23.34,21.950001,29.34,47.630001,51.610001,25.299999,1.09,70.599998,24.879999,60.349998,22.139999
24/08/2021,68.139999,36.290001,40.799999,85.489998,62.110001,25.77,37.490002,34.990002,32.959999,25.799999,49.389999,50.959999,28.34,38.259998,20.969999,277.970001,23.25,25.52,47.189999,76.339996,27.370001,32.889999,23.42,22.040001,29.51,47.759998,51.900002,26,1.09,71.540001,25.02,60.57,22.18
25/08/2021,68.010002,36.84,40.459999,85.540001,63.080002,25.780001,37.540001,34.91,33.110001,25.870001,49.57,50.669998,28.41,38.380001,20.9,276.100006,23.27,25.690001,46.959999,76.75,27.639999,32.91,23.42,22.280001,30.059999,47.849998,52,26.07,1.1,72.160004,25.16,61.25,22.23
26/08/2021,67.660004,36,39.82,84.470001,62.599998,25.68,37.07,34.68,32.91,25.629999,49.310001,50.57,28.07,38.18,20.540001,279.929993,23.16,26.02,47.009998,77.120003,27.709999,32.560001,23.35,22.17,30.129999,47.560001,51.700001,25.719999,1.12,71.580002,24.940001,61.32,22.129999
27/08/2021,68.129997,36.98,40.139999,85.699997,63.939999,25.790001,37.560001,35.02,33.200001,26.01,49.970001,51.16,28.34,38.52,20.889999,281.869995,23.26,26.389999,48.279999,78.43,28.02,32.939999,23.75,22.35,30.27,48.189999,52.540001,26.549999,1.11,72.029999,25.15,61.779999,22.360001
30/08/2021,68.040001,36.709999,40.200001,84.989998,64.389999,25.77,37.5,35.119999,33.18,26,50.299999,50.990002,28.129999,38.52,21.15,283.630005,23.4,26.530001,47.889999,79.230003,28.209999,32.900002,23.65,22.66,30.35,48.330002,52.689999,26.450001,1.12,72.760002,25.139999,62.049999,22.33
31/08/2021,68.400002,36.400002,40.939999,86.690002,64.959999,25.77,37.34,34.950001,33.009998,25.92,51.110001,50.84,28.110001,38.669998,21.26,285.859985,23.1,26.540001,49.419998,79.519997,28.58,32.950001,23.790001,23.1,30.059999,47.91,52.950001,26.879999,1.1,72.160004,25.299999,61.720001,22.27
01/09/2021,69.510002,36.650002,41.849998,87.68,65.129997,25.940001,37.580002,35.040001,33.209999,26.18,50.34,50.98,28.59,39.419998,21.33,291.959991,23.32,26.459999,49.59,79.43,28.58,33.200001,23.969999,23.33,30.18,48.200001,53.290001,26.639999,1.1,72.550003,25.459999,61.630001,22.48
02/09/2021,69.830002,35.950001,41.400002,86.599998,65.07,25.9,38.02,35.189999,33.439999,26.4,50.490002,50.939999,28.610001,39.459999,21.219999,291.049988,23.43,26.209999,48.330002,79.519997,28.360001,33.279999,24.09,23.370001,30.459999,48.93,53.75,26.49,1.11,72.529999,25.68,61.810001,22.48
03/09/2021,71.809998,35.849998,41.470001,87.699997,65.599998,25.77,38.099998,35.119999,33.470001,26.540001,50.32,50.740002,28.299999,39.029999,21.559999,292.529999,23.42,26.440001,49.200001,79.870003,28.59,33.110001,23.93,23.43,30.459999,48.68,53.669998,26.77,1.11,72.800003,25.709999,62.060001,22.42
07/09/2021,72.559998,36.07,42.450001,86.43,65.279999,25.940001,37.66,35.099998,33.150002,26.4,50.43,50.369999,28.190001,39.09,21.58,294.880005,23.459999,26.389999,48.880001,78.589996,28.129999,32.919998,23.639999,23.530001,30.35,48.470001,53.779999,26.700001,1.1,72.650002,25.639999,62.130001,22.24
08/09/2021,72.25,34.009998,41.990002,84.980003,64.050003,25.950001,37.419998,34.610001,32.959999,26.25,49.860001,49.720001,28.02,38.799999,21.190001,299.920013,23.18,26.26,48.700001,78.150002,27.190001,32.669998,22.84,23.08,30.57,47.639999,53.25,26.6,1.1,72.32,25.51,61.049999,21.83
09/09/2021,72.889999,35.119999,41.599998,83.639999,64.650002,25.74,37.5,34.529999,32.720001,25.99,49.869999,49.650002,27.85,38.799999,21.370001,302.76001,23.299999,26.24,47.650002,77.989998,27.190001,32.66,23.01,22.92,30.75,47.73,52.98,27.01,1.11,73.019997,25.440001,61.25,21.76
10/09/2021,72.809998,34.599998,41.57,83.610001,65.160004,25.889999,37.240002,34.48,32.740002,25.799999,50.009998,49.389999,27.48,38.630001,21.370001,287.410004,23.32,26.24,47.32,77.949997,27.719999,32.299999,22.82,23,30.75,47.630001,52.82,27.379999,1.1,72.510002,25.209999,60.950001,21.559999
13/09/2021,73.809998,35.349998,41.48,84.239998,65.459999,25.889999,37.360001,34.73,33.02,26.01,50.169998,49.43,28,38.810001,21.469999,283.579987,23.280001,26.26,48.299999,78.019997,27.469999,32.75,22.870001,23.27,31,47.689999,53.110001,27.17,1.1,72.540001,25.610001,61.32,21.690001
14/09/2021,73.400002,35,40.540001,84.360001,65.18,25.5,37.07,34.68,32.740002,25.75,50.419998,49.490002,27.74,38.599998,21.620001,269.950012,23.23,25.98,48,77.300003,27.51,32.709999,22.879999,23.450001,30.93,47.779999,53.299999,27.02,1.1,72.489998,25.52,61.060001,21.57
15/09/2021,74.120003,34.810001,40.259998,85.209999,65.199997,24.99,37.57,34.650002,32.98,26,51,49.290001,27.5,38.529999,21.620001,277.880005,23.379999,26.030001,48.169998,78.010002,27.870001,32.610001,22.870001,23.32,30.43,47.869999,53.360001,27.290001,1.12,72.82,25.65,61.049999,21.559999
16/09/2021,73.949997,34.240002,39.669998,83.620003,64.699997,24.620001,37.240002,34.560001,32.900002,25.92,50.82,49.23,27.530001,38.52,21.459999,272.339996,23.26,25.940001,46.619999,77.639999,27.639999,32.66,22.51,23.1,30.719999,48.009998,53.540001,26.75,1.11,72.639999,25.450001,61.939999,21.6
17/09/2021,73.43,33.299999,39.919998,83.080002,64.290001,24.459999,36.759998,34.040001,32.360001,25.440001,49.700001,48.400002,27.35,37.990002,21.26,270.450012,23.209999,25.629999,46.150002,76.529999,27.27,32.189999,22.25,22.629999,30.450001,47.02,52.650002,26.799999,1.12,72.610001,25.07,61.880001,21.49
20/09/2021,72.370003,32.32,38.18,81.050003,62.27,23.559999,36.009998,33.16,31.85,24.780001,48.790001,47.73,26.75,37.23,21.01,275.160004,22.889999,25.110001,45.200001,75.269997,26.549999,31.360001,21.74,21.870001,30.059999,45.68,51.459999,26.27,1.12,71.730003,24.48,60.119999,21.139999
21/09/2021,73.019997,32.959999,38.650002,81.099998,62.610001,23.91,36.16,33.549999,32.110001,25.07,48.880001,48.23,27.059999,37.790001,20.959999,279.059998,22.93,25.1,46.220001,75.870003,26.9,31.719999,21.700001,21.85,30.190001,45.610001,51.91,26.42,1.1,72.18,24.66,60.439999,21.370001
22/09/2021,72.489998,33.450001,39.389999,81.989998,63.299999,24.34,36.610001,33.860001,32.48,25.23,49.57,48.349998,27.200001,38.189999,21.370001,274.609985,22.92,25.23,46.720001,76.010002,27.200001,32.110001,21.9,22.389999,30.42,46.200001,52.220001,26.370001,1.11,73.209999,25.1,61.779999,21.41
23/09/2021,72.910004,33.91,39.060001,83.959999,64.220001,24.219999,37.07,34.32,32.860001,25.610001,49.779999,48.799999,27.65,38.860001,21.33,270.320007,23.24,25.42,47.470001,76.510002,27.360001,32.759998,21.469999,22.360001,30.549999,47.279999,53.040001,26.709999,1.09,74.169998,25.43,61.990002,21.719999
24/09/2021,72.660004,33.43,38.240002,82.510002,63.98,23.59,36.900002,33.970001,32.57,25.33,49.27,48.150002,27.620001,38.41,21.280001,266.869995,22.9,25.209999,46.43,76.110001,26.98,32.509998,20.950001,22.18,30.129999,46.639999,52.330002,26.709999,1.11,73.900002,25.25,61.330002,21.459999
27/09/2021,72.599998,33.34,38.790001,83,64.190002,23.76,37.200001,34.02,32.740002,25.48,49.73,47.689999,27.98,38.5,21.16,267.51001,23.33,25.309999,46.759998,75.849998,26.690001,32.610001,21.24,22.15,29.84,46.25,51.720001,27.07,1.1,73.629997,25.5,60.490002,21.67
28/09/2021,71.029999,32.130001,38.84,81,62.779999,23.52,36.5,33.310001,32.139999,24.73,48.560001,46.619999,27.299999,37.639999,20.969999,272.480011,22.950001,25.51,46.220001,74.599998,26.1,31.98,21.040001,21.610001,29.43,45.110001,50.220001,26.65,1.1,72.290001,25.040001,59.209999,21.290001
29/09/2021,70.989998,32.330002,38.560001,80.059998,61.84,23.889999,36.310001,33.150002,32.200001,24.66,48.169998,46.779999,27.290001,37.560001,21.17,264.160004,22.799999,25.5,46.330002,74.07,26.049999,31.83,20.99,21.540001,29.459999,44.650002,49.720001,26.5,1.1,71.980003,25.02,59.02,21.040001
30/09/2021,70.25,32.130001,38.93,80.660004,62.009998,23.98,36.299999,32.919998,32.25,24.82,48.259998,46.580002,26.969999,37.240002,21.690001,265.390015,22.77,25.34,47.029999,74.610001,26,31.65,21.26,21.92,29.75,44.849998,49.25,26.360001,1.09,71.599998,24.870001,58.189999,21.1
01/10/2021,69.93,33.080002,38.619999,80.489998,61.869999,23.879999,36.630001,32.939999,32.389999,24.940001,48.529999,46.98,27.18,37.59,21.870001,271.559998,22.91,25.26,47.16,74.949997,26.299999,31.9,21.379999,22.5,30.209999,45.299999,49.400002,26.4,1.11,71.82,25.209999,59.080002,21.17
04/10/2021,67.989998,32.049999,37.66,79.360001,60.299999,23.73,36.650002,32.68,32.450001,25.049999,48.099998,46.970001,27.190001,37.389999,22.35,277.200012,22.98,25.16,46.790001,74.739998,25.75,31.709999,21.290001,22.51,29.93,44.849998,48.700001,26.33,1.1,70.5,25.16,58.419998,21.120001
05/10/2021,68.370003,31.860001,38.189999,78.889999,60.75,24.01,36.900002,32.75,32.669998,25.32,48.130001,46.84,27.5,37.669998,22.559999,275.950012,22.870001,25.370001,47.169998,75.589996,25.42,32.119999,21.129999,22.6,30.41,45.110001,49.27,26.35,1.1,71.099998,25.549999,58.720001,21.129999
06/10/2021,67.779999,32.009998,38.02,77.18,60.57,24,36.869999,32.380001,32.459999,25.129999,48.029999,46.98,27.299999,37.400002,23.01,277.839996,23.120001,25.889999,47.41,75.43,24.84,31.83,20.959999,22.809999,30.93,44.470001,49.02,26.48,1.08,70.650002,25.27,58.139999,20.99
07/10/2021,68.169998,31.85,39.57,78.480003,61.700001,24.24,37.450001,32.700001,32.639999,25.450001,47.849998,47.389999,27.690001,37.639999,23.190001,282.25,23.15,26.02,47.880001,75.870003,24.91,32.080002,21.219999,22.700001,30.969999,45.049999,49.779999,27.99,1.09,71.339996,25.09,58.73,21
08/10/2021,67.860001,32.48,39.950001,77.949997,61.23,24.299999,37.709999,32.73,32.790001,25.469999,48.049999,47.630001,27.809999,37.529999,23.370001,274.309998,23.27,26.23,48.220001,76.220001,24.57,32.299999,21.1,23.01,31.08,44.93,49.34,27.860001,1.1,71.050003,25.219999,58.150002,21
11/10/2021,68.160004,32.130001,39.919998,77.790001,61.119999,24.07,37.610001,32.5,32.779999,25.49,47.91,47.310001,27.450001,37.34,23.52,280.160004,23.190001,26.25,47.790001,76.360001,24.59,31.91,21.200001,23.4,31.459999,44.43,48.990002,27.98,1.11,71.639999,25.33,57.439999,20.98
12/10/2021,67.720001,32.049999,39.700001,76.470001,60.279999,23.950001,37.75,32.52,32.869999,25.639999,48.32,47.299999,27.690001,37.360001,23.68,275.160004,23.15,26.5,48.259998,77.400002,24.34,32.139999,21.16,23.620001,31.629999,45.07,49.07,28.469999,1.1,72.279999,25.459999,57.490002,21
13/10/2021,67.68,32.57,40.5,78.279999,60.25,24.18,38.16,32.950001,33.23,25.75,48.799999,48.009998,27.73,37.950001,24.16,279.920013,23.620001,26.799999,48.98,78.339996,23.92,32.369999,21.08,23.57,31.809999,46.169998,49.849998,28.610001,1.11,73.779999,25.59,58.610001,21.209999
14/10/2021,68.32,32.470001,40.310001,79.510002,60.98,24.09,38.709999,33.369999,33.470001,26.040001,48.959999,48.419998,27.84,38.52,24.59,281.410004,23.940001,26.77,49.080002,77.910004,23.65,32.82,20.65,23.84,32.07,46.889999,50.82,29.27,1.11,74.300003,25.74,59.02,21.440001
15/10/2021,69.040001,33.259998,40.700001,80.370003,61.880001,24.469999,38.990002,33.630001,33.75,26.16,50.080002,48.650002,27.969999,38.759998,24.690001,285.709991,23.93,26.77,49.939999,77.519997,23.700001,33.009998,20.559999,23.870001,32.41,47.360001,51.369999,30.18,1.12,74.419998,25.940001,59.73,21.43
18/10/2021,68.699997,32.860001,40.939999,79.639999,61.66,24.43,39.049999,33.450001,33.540001,26.030001,49.82,48.619999,27.790001,38.419998,24.6,294.529999,23.92,26.83,49.25,77.279999,24.049999,32.830002,20.450001,23.719999,32.34,47.080002,51.18,30.309999,1.11,74.559998,25.98,58.990002,21.35
19/10/2021,69.129997,31.41,42.110001,81.099998,62.700001,24.700001,39.330002,33.580002,33.810001,26.389999,49.889999,48.52,28.049999,38.450001,24.719999,294.519989,24.120001,26.959999,50.099998,77.32,24.139999,33.040001,20.76,23.799999,32.669998,47.599998,51.75,30.379999,1.12,74.660004,26.02,59.439999,21.469999
20/10/2021,69.059998,31.620001,42.189999,80.650002,62.52,24.85,39.650002,33.630001,33.860001,26.629999,50.080002,49.040001,28.26,38.75,24.690001,292.059998,24.280001,27.01,50.66,77.519997,24.290001,33.43,21.049999,23.73,32.59,47.77,51.740002,30.450001,1.1,74.889999,26.129999,59.439999,21.639999
21/10/2021,67.860001,30.1,42.150002,80.220001,62.310001,24.57,39.5,33.540001,33.720001,26.379999,49.419998,49.259998,27.99,38.66,24.440001,290.100006,23.959999,26.700001,48.91,77.690002,24.219999,33.32,20.559999,23.52,32.580002,48.049999,52.02,30.33,1.1,75.580002,25.889999,58.84,21.540001
22/10/2021,68.419998,30.08,42.200001,80.360001,62.060001,24.68,39.560001,33.779999,33.740002,26.540001,49.529999,49.529999,27.92,38.970001,24.379999,288.51001,24.040001,26.559999,48.709999,77.75,24.24,33.360001,20.780001,23.4,32.509998,48.75,52.48,30.48,1.12,75.419998,25.969999,59.310001,21.68
25/10/2021,68.449997,31.200001,42.330002,81.440002,62.560001,24.76,39.619999,33.810001,33.759998,26.700001,49.57,49.119999,27.84,38.639999,24.24,283.799988,24.120001,26.68,49.16,77.82,25.139999,33.59,21.16,23.43,32.150002,48.130001,52.060001,30.91,1.12,76.010002,25.950001,59.290001,21.559999
26/10/2021,68.459999,30.49,41.48,82.029999,63.139999,24.700001,39.32,33.990002,33.970001,26.65,49.75,49.439999,28.030001,38.849998,24.309999,284.410004,24.1,26.540001,48.82,77.199997,25.57,33.610001,21.33,23.360001,32.18,48.290001,52.119999,30.459999,1.13,75.82,26.09,59.700001,21.59
27/10/2021,67.959999,30.58,41.009998,80.989998,63.119999,24.48,39,33.84,33.790001,26.559999,49.139999,49.360001,27.879999,38.75,23.92,284.190002,24.030001,26.469999,48.09,76.989998,24.690001,33.349998,21.65,23.139999,32.119999,48.099998,52.07,30.02,1.13,75.260002,25.790001,59.16,21.610001
28/10/2021,68.5,30.09,41.099998,81.089996,63.720001,24.6,39.599998,34.080002,33.970001,26.85,48.790001,50.049999,28.4,39.439999,23.870001,284.179993,24.190001,26.309999,47.959999,77.379997,24.809999,33.669998,21.530001,23.35,31.959999,48.419998,52.549999,30.209999,1.13,75.75,25.870001,59.650002,22.25
29/10/2021,68.400002,29.32,40.330002,79.489998,63.02,24.540001,39.18,33.77,33.68,26.459999,48.349998,49.830002,28.27,39.310001,23.93,284.73999,24.049999,26.24,47.029999,76.620003,24.530001,33.48,21.299999,23.26,31.67,47.91,52.099998,30.02,1.12,75.839996,25.469999,59.200001,21.98
01/11/2021,69.43,29.790001,41.060001,79.839996,63.41,24.639999,39.639999,34.18,33.889999,26.469999,48.189999,50.5,28.77,39.759998,23.629999,280.470001,24.1,25.68,47.060001,76.440002,25.07,34.009998,21.780001,23.360001,31.58,48.360001,52.330002,30.360001,1.11,77.410004,25.93,59.68,22.1
02/11/2021,69.349998,29.25,39.939999,80.449997,63.290001,24.459999,39.330002,34.34,33.630001,26.17,48.029999,50.540001,28.450001,39.77,23.309999,282.660004,24.16,25.799999,46.860001,76.669998,25.25,33.849998,21.58,23.290001,31.84,48.099998,52.279999,29.790001,1.11,77.620003,25.799999,58.740002,22.16
03/11/2021,69.769997,30.040001,40.279999,79.5,63.790001,24.35,39.610001,34.68,33.790001,26.370001,48.830002,51.130001,28.389999,40.189999,23.469999,271.640015,24.32,25.610001,48.049999,76.32,25.879999,34.16,21.860001,23.25,32.029999,48.860001,53.080002,29.559999,1.11,77.57,26.26,59.32,22.48
04/11/2021,70.269997,29.27,40.040001,79.57,63.52,24.33,39.450001,34.52,33.389999,26.24,49.009998,51.240002,28.07,40.099998,23.35,276.390015,24.32,25.629999,48.07,76.290001,26.809999,34.07,22.1,23.5,31.959999,48.75,53.169998,29.049999,1.1,78.459999,26.15,58.599998,22.41
05/11/2021,70.360001,29.950001,39.34,79.470001,64.059998,24.52,39.66,34.529999,33.529999,26.43,49.669998,50.91,28.32,40.400002,23.549999,269.380005,24.280001,25.620001,48.41,76.57,26.459999,34.380001,22.219999,23.58,33,48.880001,53.119999,29.35,1.11,78,26.41,58.220001,22.48
08/11/2021,70.209999,29.92,39.779999,79.650002,64.830002,24.59,39.860001,34.439999,33.619999,26.48,49.91,50.880001,28.24,40.450001,23.77,269.980011,24.51,25.709999,48.66,77.629997,26.57,34.299999,22.67,23.52,33.23,48.91,53.080002,29.780001,1.11,78.349998,26.709999,58.619999,22.450001
09/11/2021,69.769997,30.41,39.459999,79.099998,65.07,24.360001,39.860001,34.450001,33.529999,26.280001,49.84,51.200001,28.15,40.439999,23.83,274.649994,24.16,25.450001,48.130001,77.760002,27.35,34.029999,22.690001,23.299999,33.310001,48.880001,53.029999,29.73,1.11,78.779999,26.58,58.310001,22.43
10/11/2021,68.68,30.43,39.82,77.720001,64.510002,24.309999,39.48,33.990002,33.360001,25.959999,48.75,50.639999,28.07,39.810001,23.780001,286.910004,23.940001,25.370001,46.970001,77.32,27.190001,33.75,22.440001,22.719999,33.080002,47.950001,52.279999,29.709999,1.11,77.699997,26.07,57.959999,22.190001
11/11/2021,69.080002,31.459999,41.400002,78.650002,64.849998,24.469999,39.459999,34.080002,33.540001,25.84,48.669998,50.75,27.93,39.889999,24.01,294.390015,24.09,25.42,48.18,78.239998,27.530001,33.869999,22.34,22.73,33.110001,48.450001,52.509998,30.190001,1.11,78.620003,26.379999,57.380001,22.16
12/11/2021,70.080002,30.860001,41.419998,79.720001,65.279999,24.299999,40,34.110001,33.509998,26.07,48.779999,51.07,27.85,40.060001,23.940001,294.609985,24.09,25.59,47.75,78.620003,27.200001,33.919998,22.34,22.59,33.439999,48.669998,53.009998,30.309999,1.1,79.550003,26.07,57.439999,22.02
15/11/2021,70.019997,30.860001,41.110001,79.860001,65.459999,24.530001,39.900002,33.959999,33.48,26.09,48.509998,50.830002,27.709999,39.959999,23.629999,288.589996,24.139999,25.42,48.419998,78.629997,26.75,33.849998,23.309999,22.129999,32.91,48.650002,52.790001,30.219999,1.1,79.580002,25.879999,56.849998,21.879999
16/11/2021,69.879997,30.129999,41.630001,79.699997,65.599998,24.57,39.82,34.040001,33.400002,25.940001,48.009998,50.650002,27.440001,39.939999,23.58,283.420013,24.129999,25.459999,47.790001,78.779999,25.58,33.630001,22.27,21.969999,32.75,48.509998,52.740002,29.84,1.1,79.599998,25.940001,56.709999,21.709999
17/11/2021,69.589996,29.709999,41.16,78.68,66.080002,24.43,39.529999,34.119999,33.419998,25.52,48.009998,50.970001,27.370001,40.009998,23.66,289.76001,23.91,25.32,47.689999,79.18,24.76,33.669998,21.959999,21.780001,32.689999,48.549999,52.709999,29.57,1.11,79.07,25.870001,56.110001,21.629999
18/11/2021,69.769997,29.15,40.27,78.230003,66.650002,24.41,39.630001,34.240002,33.349998,25.540001,47.540001,51.029999,27.15,40.119999,23.52,288.399994,23.959999,25.23,47.169998,79.040001,24.879999,33.59,21.530001,21.190001,32.619999,48.400002,52.970001,29.6,1.12,78.82,25.690001,56.029999,21.709999
19/11/2021,69.910004,29.17,40.509998,78.43,66.199997,24.459999,39.25,33.790001,33,25.33,47.27,50.639999,26.49,39.549999,23.690001,290.929993,23.709999,25.16,46.290001,78.050003,25.450001,32.91,21.09,20.75,32.279999,47.73,52.16,29.42,1.11,78.5,24.629999,55.360001,21.32
22/11/2021,69.550003,29.16,39.990002,80.029999,66.029999,24.530001,38.849998,33.450001,32.98,25.299999,46.66,50.130001,26.52,39.279999,23.76,293.200012,23.73,25,45.84,77.870003,28.5,32.959999,20.75,20.59,31.93,47.330002,51.240002,28.65,1.11,78.110001,24.790001,54.950001,21.1
23/11/2021,69.629997,29.530001,39.779999,79.410004,65.610001,24.49,39.110001,33.290001,33.23,25.629999,46.650002,49.669998,26.67,39.27,23.74,292.269989,23.780001,25.02,45.959999,77.760002,27.879999,32.939999,19.15,20.860001,32.59,46.540001,50.73,28.85,1.1,76.870003,24.879999,55.009998,21.1
24/11/2021,68.779999,29.82,39.889999,79.190002,65.690002,24.51,39.310001,32.939999,33.119999,25.530001,46.029999,49.619999,26.459999,38.990002,23.67,290.109985,23.530001,24.93,45.200001,77.050003,27.559999,32.900002,20.370001,20.67,32.970001,46.169998,50.34,28.959999,1.11,76.739998,24.92,54.459999,21.15
26/11/2021,66.959999,29.379999,38.77,75.760002,63.669998,23.719999,38.189999,31.969999,32.080002,24.559999,44.23,49.330002,25.52,37.709999,22.959999,292.380005,22.9,24.459999,42.43,74.029999,26.549999,31.629999,19.5,19.780001,32.040001,44.57,49.400002,27.92,1.1,75.290001,24.18,52.93,20.969999
29/11/2021,67.150002,29.34,38.400002,76.370003,64.739998,23.719999,38.27,32.029999,32.330002,24.75,44.669998,49.52,25.65,37.860001,23.32,290.380005,22.809999,24.690001,43.689999,72.830002,25.809999,31.73,19.15,19.93,31.76,45.439999,49.669998,28.309999,1.11,76.32,24.41,53.040001,20.940001
30/11/2021,66.330002,28.99,38.189999,75.730003,64.690002,23.290001,37.380001,31.809999,32.040001,24.459999,45.310001,49.380001,25.379999,37.790001,23.32,290.390015,22.48,24.870001,44.889999,72.870003,25.299999,31.459999,17.959999,20.440001,31.969999,45.060001,49.169998,28.639999,1.11,75.199997,24.41,52.41,20.83
01/12/2021,65.980003,28.52,38.099998,77.330002,65.379997,23.200001,36.860001,31.77,31.809999,24.25,45.560001,48.970001,25.24,37.540001,23.040001,294.470001,22.25,24.5,44.709999,73.330002,24.83,31.299999,18.66,20.6,31.16,44.650002,48.799999,27.52,1.1,74.910004,24.32,52.43,20.540001
02/12/2021,66.970001,29.719999,38.360001,79.059998,66.220001,23.459999,37.52,32.040001,32.48,24.66,46.860001,49.5,25.379999,38.009998,23.370001,296.279999,22.17,24.49,45.700001,73.269997,24.85,31.75,18.49,21.01,31.379999,45.380001,49.049999,28.1,1.11,75.129997,24.75,53.099998,21.01
03/12/2021,67.360001,29.77,37.470001,78.690002,65.790001,23.610001,37.16,31.82,32.25,24.309999,46.700001,49.619999,25.139999,37.810001,23.08,299.01001,22.08,24.610001,45.759998,73.059998,24.790001,31.59,18.67,20.76,31.51,44.419998,48.259998,27.879999,1.1,73.940002,24.700001,52.529999,20.780001
06/12/2021,67.400002,30.200001,38.18,79.779999,66.209999,23.719999,37.860001,32.139999,32.73,24.66,46.599998,50.049999,25.709999,38.259998,23.34,299.619995,22.440001,24.440001,46.240002,73.139999,25.08,32.27,18.76,20.85,31.91,45.349998,48.5,28.299999,1.09,74.75,24.959999,54.029999,21.17
07/12/2021,68.970001,30.719999,38.689999,81.029999,67.160004,23.959999,38.75,32.950001,33.150002,25.129999,47.52,50.779999,25.870001,39.169998,23.76,303.459991,22.610001,24.809999,46.939999,75.489998,25.26,32.84,19.82,21.17,32.18,46.419998,50.220001,28.84,1.11,76.940002,25.51,55.02,21.290001
08/12/2021,68.889999,31.290001,38.860001,81.260002,67.120003,23.9,38.490002,32.959999,33.189999,25.35,47.869999,51.310001,25.92,39.299999,23.639999,303.850006,22.66,24.76,47.200001,75.919998,25.709999,32.75,19.9,21.129999,32.119999,46.689999,50.279999,28.91,1.1,77.709999,25.66,55.48,21.370001
09/12/2021,68.330002,30.469999,38.869999,80.760002,66.68,23.91,38.07,32.52,33.02,25.200001,47.939999,50.970001,25.41,38.900002,23.540001,304.279999,22.57,24.65,46.009998,74.910004,25.23,32.439999,19.68,20.799999,32.439999,46.27,49.150002,28.879999,1.1,77.07,25.41,54.740002,21.15
10/12/2021,68.43,30.68,38.860001,80.739998,66.870003,23.940001,38.029999,32.68,33.060001,25.24,48.080002,51.240002,25.469999,39.009998,23.49,305.519989,22.450001,24.639999,45.450001,75.07,25.299999,32.580002,19.889999,20.870001,32.470001,46.310001,49.310001,28.690001,1.11,76.82,25.4,54.889999,21.209999
13/12/2021,66.889999,28.4,37.77,78.029999,63.939999,23.33,36.93,32.540001,31.809999,24.299999,46.43,50.880001,24.84,37.490002,23.09,307.25,21.01,23.790001,44.32,74.230003,23.59,31.73,20.48,20.41,31.99,44.689999,48.529999,28.059999,1.11,75.029999,24.639999,53.73,20.540001
14/12/2021,66.809998,28.139999,37.68,77.68,63.610001,23.200001,36.740002,32.25,31.780001,24.200001,46.849998,50.41,24.969999,37.330002,23.01,308.290009,20.969999,23.559999,44.59,74.449997,23.23,31.780001,20.43,20.41,32.330002,43.950001,47.970001,27.57,1.1,74.040001,24.549999,53.66,20.42
15/12/2021,67.959999,28.23,36.59,78.699997,64.559998,23.18,37.07,32.619999,31.92,24.469999,47.34,51.23,25.01,37.959999,23.1,301.309998,21.01,23.57,45.139999,74.300003,23.9,32.18,20.23,20.129999,31.809999,44.830002,48.860001,27.139999,1.12,75.510002,24.75,54.360001,20.74
16/12/2021,68.040001,28.620001,36.779999,78.230003,64.300003,23.24,37.189999,32.57,32.16,24.33,47.93,51.869999,25.1,37.82,22.969999,302.519989,21,23.77,45.669998,75.209999,24.35,32.060001,19.879999,20.370001,32.360001,44.73,48.389999,27.780001,1.12,75.25,24.92,54.5,20.74
17/12/2021,67.209999,28.290001,36.34,78.57,64.510002,22.940001,36.790001,32.080002,31.85,24.049999,48.830002,51.220001,24.77,37.139999,22.790001,301.850006,20.780001,23.700001,45.459999,74.889999,24.190001,31.610001,17.110001,20.030001,32.57,44,47.599998,28.129999,1.12,74.919998,24.559999,54.369999,20.530001
20/12/2021,66.639999,27.49,35.57,77.019997,63.950001,22.83,36.27,31.92,31.809999,24.07,48.380001,51.209999,24.940001,37.389999,22.709999,304.040009,20.639999,23.75,45.150002,73.339996,21.52,31.559999,20.74,20.26,32.619999,43.970001,47.630001,27.719999,1.12,73.040001,24.540001,54.150002,20.65
21/12/2021,67.029999,27.52,36.619999,77.870003,65.019997,22.93,37.099998,32.290001,32.240002,24.48,48.68,51.57,25.27,37.84,23.09,307.290009,20.91,23.75,45.630001,73.82,21.9,32.040001,19.379999,20.35,32.220001,44.529999,48.560001,28.23,1.12,74.690002,25.120001,54.950001,20.98
22/12/2021,67.139999,27.9,36.540001,78.410004,65.529999,23.030001,37.59,32.630001,32.700001,24.84,49.34,51.919998,25.57,38.400002,23.049999,308.980011,21.08,24.030001,46.41,74.099998,21.98,32.32,18.98,20.51,32.18,45.099998,49.150002,28.25,1.12,75.419998,25.559999,55.82,21.120001
23/12/2021,67.400002,27.75,36.630001,78.769997,65.730003,23.1,37.950001,32.860001,32.900002,25,49.720001,52.110001,25.860001,38.540001,22.969999,311,21.08,24.290001,46.610001,74.900002,22.620001,32.48,20.9,20.559999,32.240002,45.75,49.75,28.82,1.12,76.610001,25.49,56.59,21.17
27/12/2021,67.339996,28.129999,36.529999,79.080002,66.480003,23.290001,38.310001,33.150002,33.32,25.17,50.279999,52.669998,26.129999,38.900002,23.200001,310.059998,21.16,24.790001,47.130001,75.160004,22.969999,32.849998,21.719999,20.700001,32.450001,46.349998,50.169998,29.360001,1.12,77.660004,25.57,57.040001,21.309999
28/12/2021,67.419998,27.93,36.110001,78.809998,66.75,23.290001,38.240002,33.16,33.259998,25.1,50.34,52.990002,26.24,38.84,23.219999,308.920013,21.209999,24.83,46.169998,75.019997,22.969999,32.91,20.690001,20.889999,32.299999,46.73,50.110001,29.370001,1.16,78.279999,25.43,56.869999,21.280001
29/12/2021,67.099998,27.4,35.689999,78.879997,66.980003,23.24,38.130001,33.119999,33.290001,25.209999,50.189999,53.02,26.370001,38.950001,23.15,309.76001,21.290001,24.860001,46.290001,75.669998,23.110001,32.939999,20.059999,21.059999,32.25,46.919998,50.119999,29.35,1.16,77.790001,25.620001,56.93,21.360001
30/12/2021,66.910004,27.959999,36.990002,78.150002,66.739998,23.26,38.25,32.779999,33.139999,25,50.68,52.790001,26.27,38.810001,23.01,308.200012,21.27,24.92,47,76.57,23.030001,32.75,18.99,21.040001,32.360001,46.419998,50.169998,29.73,1.15,78.019997,25.360001,56.98,21.360001
31/12/2021,66.959999,28.07,36.580002,77.870003,66.610001,23.190001,38.43,32.779999,33.139999,24.83,50.599998,52.73,26.27,38.880001,22.969999,309.559998,21.389999,25.030001,46.400002,76.139999,23.09,32.810001,18.58,21.059999,31.639999,46.330002,50.220001,29.620001,1.15,77.900002,25.450001,56.970001,21.360001
03/01/2022,67.029999,27.360001,36.549999,77.860001,67.169998,23.27,38.57,33.16,33.529999,24.870001,50.419998,52.900002,26.549999,39.220001,23.200001,312.679993,21.43,24.959999,47.080002,76.339996,23.190001,33.34,19.99,21.379999,31.290001,46.759998,50.529999,30.110001,1.16,78.900002,25.49,57.32,21.65
04/01/2022,67.910004,27.24,35.889999,77.690002,67.769997,23.42,38.189999,33.259998,33.75,25.25,50.540001,52.779999,26.559999,39.490002,23.24,312.959991,21.290001,24.780001,46.84,76.760002,22.959999,33.509998,19.620001,21.5,31.33,46.990002,50.220001,30.6,1.16,78.599998,26.030001,57.889999,21.68
05/01/2022,67.599998,26.52,35.240002,76.18,66.959999,23.059999,37.720001,33.150002,33.610001,24.940001,50.240002,52.18,26.26,39.419998,22.870001,312.970001,20.870001,24.73,46.860001,77.199997,23.35,33.330002,19.459999,21.379999,31.1,46.130001,49.18,30.59,1.16,77.190002,25.790001,57.41,21.48
06/01/2022,67.099998,26.77,35.860001,75.589996,66.970001,23.07,38.009998,33.029999,33.580002,24.5,50.450001,51.790001,26.59,39.09,23.049999,313.73999,21.049999,24.58,47.18,75.540001,23.639999,33.23,19.43,21.389999,31.09,45.900002,49.02,30.93,1.15,77.860001,25.959999,57.110001,21.389999
07/01/2022,66.669998,27.27,36.630001,77.529999,66.139999,23.42,38.310001,33.110001,33.98,24.620001,50.759998,52.02,26.799999,39.369999,23.35,309.309998,21.23,24.66,47.310001,75.470001,23.66,33.220001,19.9,21.950001,30.66,45.919998,49.419998,31.620001,1.17,77.620003,26.209999,57.34,21.6
10/01/2022,66.510002,26.99,36.650002,76.32,66.290001,23.33,38.169998,32.810001,33.880001,24.43,50.439999,50.779999,26.75,38.959999,23.290001,311.859985,21.219999,24.77,47.73,75.029999,23.6,33.07,19.950001,21.799999,31.08,44.73,48.330002,31.610001,1.17,76.699997,25.940001,57.02,21.48
11/01/2022,67.029999,27.99,37.82,78.220001,67.080002,23.360001,38.860001,33.259998,34.209999,24.74,50.52,51.41,27.049999,39.400002,23.450001,307.540009,21.629999,25.33,48.950001,76.870003,24.370001,33.369999,20.09,22.48,31.299999,45.630001,49.110001,32.48,1.17,78.379997,26.25,57.77,21.6
12/01/2022,67.989998,28.85,38.66,79.769997,67.449997,23.719999,39.360001,33.509998,34.529999,24.969999,51.389999,51.669998,27.09,39.759998,23.52,314.980011,21.780001,25.41,50.849998,77.510002,24.889999,33.77,20.799999,23.110001,31.77,46.330002,49.59,33.619999,1.15,78.879997,26.49,58.869999,21.65
13/01/2022,67.309998,28.790001,37.740002,78.370003,67.709999,23.549999,39.029999,33.34,34.490002,24.879999,51.290001,51.330002,26.950001,39.279999,23.450001,319.029999,21.540001,25.26,49.240002,76.57,25.110001,33.610001,20.540001,22.809999,32.009998,45.889999,49.279999,33.32,1.17,78.089996,26.32,58.32,21.6
14/01/2022,67.230003,29.110001,38.119999,77.279999,67.410004,23.93,39.130001,33.34,34.580002,24.6,51.27,51.080002,27.209999,39.240002,23.66,314.420013,21.6,25.08,49.540001,76.699997,25.15,33.5,20.690001,22.700001,31.809999,44.959999,49.349998,33.43,1.15,78.290001,26.42,57.860001,21.780001
18/01/2022,66.169998,28.889999,37.700001,74.989998,66.669998,23.59,39.049999,32.709999,34.400002,24.190001,50.529999,50.740002,26.82,38.73,23.030001,313.920013,21.379999,24.77,48.16,76.099998,24.959999,33.110001,19.379999,21.969999,31.5,43.389999,48.16,33.540001,1.15,76.199997,26.280001,56.369999,21.280001
19/01/2022,65.349998,29.889999,37.860001,75.830002,66.580002,23.809999,38.950001,32.82,34.580002,24.299999,49.919998,50.73,26.65,38.91,23.08,316.040009,21.5,24.559999,49.560001,76.400002,25.530001,33.049999,20.59,21.950001,31.309999,43.73,47.720001,34.099998,1.14,76.07,26.190001,56.509998,21.290001
20/01/2022,65.059998,30.129999,39.029999,75.470001,66.029999,24.290001,38.610001,32.639999,34.220001,24.120001,49.630001,50.360001,26.52,38.580002,23.24,314.350006,21.459999,24.469999,49.880001,76.809998,25.370001,32.77,20.48,21.620001,31.18,43.18,47.73,33.849998,1.15,75.550003,25.77,56.240002,21.120001
21/01/2022,64.809998,29.92,38.259998,74.519997,64.650002,24.370001,37.599998,32.110001,33.700001,23.440001,49.09,49.84,26.280001,38.040001,23.48,311.859985,21.280001,24.4,49.990002,76.330002,26.709999,32.41,20,21.290001,31.370001,42.380001,46.919998,33.310001,1.15,74.389999,25.24,55.049999,20.91
24/01/2022,64.529999,29.51,37.650002,73.099998,64.970001,24.34,37.369999,31.67,33.41,23.25,48.290001,48.889999,26.24,37.560001,23.23,316.410004,21.139999,24.209999,48.619999,75.57,26.08,32.080002,19.32,20.32,31.129999,41.549999,46.150002,32.389999,1.14,72.809998,24.719999,54.27,20.58
25/01/2022,64.300003,30.389999,37.689999,72.029999,64.349998,24.23,37.57,31.41,33.59,23.190001,48.049999,48.439999,26.059999,37.209999,23.139999,323.769989,21.049999,24.08,48.790001,75.910004,25.83,31.57,19.41,20.35,31.610001,41.279999,45.150002,32.450001,1.12,71.419998,24.690001,53.41,20.530001
26/01/2022,63.41,30.75,36.970001,71.099998,63.880001,23.9,37.330002,31.629999,33.48,22.98,47.830002,48.330002,26.030001,37.34,22.870001,326.359985,20.860001,24.059999,48.07,75.010002,25.52,31.870001,19.129999,20.469999,31.24,41.5,45.27,32.279999,1.14,71.860001,24.969999,53.459999,20.379999
27/01/2022,62.509998,31.200001,36.310001,69.209999,62.5,23.870001,37.040001,31.42,33.790001,22.469999,47.25,48.290001,26.129999,37.349998,23.08,325.420013,20.75,24.1,47.939999,74.949997,25.91,31.870001,19.709999,20.389999,31.59,40.880001,44.669998,32.41,1.15,70.860001,24.860001,53.57,20.35
28/01/2022,62.75,31.15,36.200001,70.599998,62.75,23.469999,37.32,31.48,33.740002,22.57,47.360001,48.68,26.24,37.450001,23.200001,328.109985,20.74,24.4,48.259998,75.139999,25.68,31.940001,19.700001,20.24,31.690001,41.23,45.080002,32.549999,1.17,72.029999,25.02,54.650002,20.309999
31/01/2022,64.080002,31.620001,37.939999,72.389999,64.889999,23.709999,38.189999,32.009998,33.889999,22.84,48.549999,49.330002,26.379999,37.889999,23.18,328.589996,21.09,24.48,50.73,76.580002,26.309999,32.43,20.42,20.530001,32.27,42.209999,46.400002,32.93,1.17,73.900002,25.41,55.700001,20.57
01/02/2022,64.099998,32.16,38.189999,72.980003,65.139999,23.84,38.68,32.279999,34.279999,23.139999,49.18,50.02,26.780001,38.419998,23.190001,319.429993,21.389999,24.57,50.740002,76.93,26.370001,32.860001,20.4,20.809999,32.290001,42.82,46.82,32.16,1.17,74.339996,25.67,56.119999,20.76
02/02/2022,65.080002,31.940001,37.860001,73.5,65.389999,23.860001,38.84,32.360001,34.59,23.280001,49.380001,50.029999,26.860001,38.580002,23.15,321.320007,21.24,24.459999,50.07,77.160004,25.709999,33.130001,19.879999,21.219999,32.68,43.279999,47.110001,32.009998,1.19,74.360001,25.940001,56.900002,20.889999
03/02/2022,63.720001,31.690001,37.630001,71.980003,64.589996,23.75,38.18,32.07,34.240002,23.02,48.490002,48.98,26.879999,38.119999,23.15,314.559998,21.33,24.5,50.259998,77.080002,24.639999,32.959999,19.33,21.209999,32.23,42.419998,45.830002,31.440001,1.14,72.599998,26.030001,55.77,20.65
04/02/2022,64.220001,31.68,37.98,72.720001,64.480003,24.07,38.389999,31.98,34.150002,23.110001,48.27,48.869999,26.92,38.220001,23.17,322.420013,21.459999,24.43,49.91,77.709999,24.57,32.700001,19.059999,20.82,32.119999,42.299999,46.16,31.540001,1.16,73.18,26.139999,55.830002,20.559999
07/02/2022,64.260002,32.049999,37.75,72.959999,64.760002,24.129999,38.560001,31.98,34.34,23.299999,48.290001,48.869999,26.57,38.27,23.67,327.679993,21.77,24.59,49.790001,78.18,24.959999,32.150002,19.73,20.83,31.940001,42.34,46.130001,31.92,1.15,73.440002,26.110001,56.150002,20.42
08/02/2022,64.629997,32.110001,38.119999,73.18,65.419998,24.34,38.759998,32.099998,34.490002,23.74,49.400002,48.849998,26.950001,38.450001,23.73,326.380005,22.129999,24.65,51.189999,78.779999,25.360001,32.330002,19.93,21.34,32.369999,42.48,46.400002,33.189999,1.18,73.580002,26.42,56.439999,20.700001
09/02/2022,65.519997,32.220001,38.77,74.5,66.25,24.57,39.279999,32.619999,34.759998,24.120001,50.240002,49.720001,27.379999,39.119999,23.93,330.23999,22.51,25.030001,51.610001,80.129997,25.950001,33.189999,20.41,21.620001,32.880001,43.57,47.419998,33.84,1.17,75.290001,27.07,57.400002,20.82
10/02/2022,64.480003,32.43,38.299999,73.639999,65.949997,24.469999,38.919998,32.25,34.619999,23.9,49.740002,48.990002,27.290001,38.529999,23.83,331.359985,22.26,25.16,51.259998,79.489998,26.33,32.93,20.33,21.129999,32.400002,41.950001,46.470001,34.25,1.18,74.529999,26.75,57.060001,20.879999
11/02/2022,63.959999,32.52,37.650002,72.900002,65.260002,24.309999,38.84,31.57,34.459999,23.66,50.32,48.650002,26.459999,37.360001,23.76,333.579987,22.040001,25.129999,51.18,79.040001,26.5,32.130001,20.18,20.309999,31.959999,40.900002,45.009998,33.869999,1.2,73.089996,26.190001,56.18,20.41
14/02/2022,63.959999,32.77,37.290001,72.239998,64.599998,24.16,38.509998,31.23,34.099998,23.709999,49.759998,48.209999,26.15,36.970001,23.75,333.51001,21.780001,25.33,51.700001,79.519997,26.01,31.790001,19.85,20.139999,32.290001,40.450001,44.77,34.110001,1.2,72.400002,25.540001,55.400002,20.190001
15/02/2022,64.669998,33.310001,37.860001,72.800003,65.720001,24.49,38.849998,32.169998,34.48,24.1,50.720001,48.93,26.780001,37.990002,24.290001,332.75,22.040001,25.74,52.009998,80.879997,26.639999,32.700001,20.370001,21.24,32.459999,41.82,46.040001,34.580002,1.19,74.290001,26.139999,56.09,20.68
16/02/2022,64.68,33.639999,38.099998,73.68,66.230003,24.65,38.720001,32.220001,34.66,24.360001,51.330002,49.169998,26.92,38.099998,24.290001,334.579987,22.24,25.780001,53.389999,81.290001,26.809999,32.84,20.370001,21.370001,33.029999,41.779999,46.34,34.950001,1.2,75.089996,26.25,55.880001,20.85
17/02/2022,63.73,32.91,37.790001,73.099998,65.279999,24.48,38.209999,31.610001,34.299999,24.17,50.48,48.349998,26.42,37.57,23.870001,336.450012,21.940001,25.629999,52.790001,81.360001,26.139999,32.16,20.059999,20.58,32.709999,40.169998,45.290001,34.779999,1.19,73.43,25.719999,54.73,20.610001
18/02/2022,63.630001,32.919998,36.709999,72.980003,65.459999,24.370001,37.75,31.200001,34.27,23.98,50.209999,48.299999,26.25,37.509998,24,335.540009,21.780001,25.66,52.27,81.169998,25.84,32.130001,20.120001,20.24,32.66,39.580002,44.990002,34.52,1.17,72.709999,25.35,54.389999,20.440001
22/02/2022,63.119999,33.450001,35.73,72.769997,64.699997,23.73,37.540001,30.42,34.09,24.120001,50.459999,47.889999,25.889999,36.66,23.98,333.929993,21.57,25.41,51.470001,79.720001,25.6,31.51,19.719999,19.530001,33.040001,39,43.740002,33.959999,1.18,72.470001,24.389999,53.310001,19.98
23/02/2022,62.470001,33.509998,35.310001,71.830002,64.349998,23.370001,37.279999,29.99,34.099998,23.969999,49.259998,47.82,25.57,36.369999,24.110001,332.470001,21.370001,25.42,51.720001,80.25,25.370001,31.209999,19.440001,18.98,32.650002,38.32,43.209999,34.110001,1.17,71.790001,23.870001,52.27,20.02
24/02/2022,62.110001,32.68,35.049999,70.629997,63.259998,23.26,37.099998,29.309999,32.939999,23.790001,48.41,47.25,25.280001,35.549999,24,331.019989,20.860001,25.16,51.349998,78.949997,24.93,30.4,18.01,17.5,32.16,37.900002,42.869999,33.41,1.17,72.209999,22.74,50.900002,19.83
25/02/2022,63.549999,33.060001,35.220001,72.660004,64.07,23.16,38.150002,30.08,34.220001,24.219999,50.07,48.290001,26.139999,36.66,24.540001,322.440002,21.33,25.639999,52.189999,80.300003,25.91,31.370001,19.040001,18.450001,32.490002,38.880001,43.709999,34.310001,1.18,73.449997,23.51,52.169998,20.709999
28/02/2022,62.939999,32.889999,34.900002,72.410004,63.919998,22.68,38.220001,29.08,33.490002,24.049999,50.34,47.939999,25.58,35.330002,24.33,321.480011,20.99,25.93,52.66,79.949997,26.02,30.25,18.719999,17.91,32.950001,37.82,42.830002,34.84,1.19,74.190002,22.17,51.599998,19.950001
01/03/2022,62.080002,32.900002,34.830002,71.489998,63.619999,22.530001,37.700001,28.030001,33.009998,23.84,49.73,47.419998,24.559999,34.029999,24.379999,324.130005,20.34,25.469999,52.73,79.519997,25.16,29.030001,19.120001,17.18,32.560001,36.360001,41.27,34.84,1.2,72.389999,20.75,49.23,19.41
02/03/2022,62.290001,33.98,34.57,71.529999,64.419998,22.360001,38.580002,28.24,33.73,24.610001,49.959999,47.73,25.09,34.639999,24.059999,312.829987,20.26,25.67,53.73,80.599998,25.629999,29.42,19.01,18.07,32.279999,36.880001,41.939999,35.59,1.19,73.559998,20.74,49.639999,19.58
03/03/2022,61.98,34.57,33.689999,72.019997,63.639999,22.389999,38.439999,27.360001,32.790001,24.379999,49.93,47.060001,24.120001,33.700001,23.940001,314.140015,19.67,25.780001,53.950001,80.160004,26.469999,28.459999,18.959999,17.17,32.400002,35.610001,40.82,36.080002,1.19,71.860001,20.700001,47.82,19.1
04/03/2022,61.18,34.290001,32.970001,69.989998,62.470001,22.09,38.540001,25.889999,31.41,24.77,49.07,45.93,23.23,31.93,24.07,323.589996,19.23,25.700001,52.09,79.400002,26.959999,26.58,18.73,16.15,32.040001,34.380001,38.650002,36.209999,1.19,70.720001,19.780001,45.119999,18.42
07/03/2022,59.029999,33.029999,31.719999,67.110001,59.360001,21.389999,38.060001,24.85,30.780001,24.290001,46.990002,44.220001,22.459999,30.809999,23.77,318.399994,18.879999,24.959999,50.439999,75.690002,26.07,25.76,18.450001,15.37,31.309999,33.110001,37.169998,35.970001,1.2,69.25,18.629999,43.259998,17.68
08/03/2022,58.18,33.240002,31.27,67.580002,59.720001,21.459999,37.689999,25.67,31.17,23.91,47.880001,44.43,23.620001,31.629999,23.950001,309.160004,18.75,24.76,50.700001,75.389999,26.219999,26.74,18.51,16.219999,30.85,34.200001,37.509998,36.220001,1.18,68.699997,19.51,43.549999,18.07
09/03/2022,59.75,34.139999,31.790001,70.25,61.240002,21.389999,38.450001,27.690001,32.139999,24.42,49.68,46.419998,24.690001,33.779999,24.719999,304.100006,19.33,25.200001,52.240002,76.849998,26.860001,28.35,18.870001,17.34,31.23,36.110001,40.330002,36.630001,1.18,70.790001,20.85,46.220001,19.030001
10/03/2022,59.5,34.240002,30.35,68.129997,61.380001,21.450001,38.720001,26.809999,31.709999,24.639999,49.220001,45.740002,24.35,32.849998,24.440001,308.679993,19.4,25.200001,52.91,76.209999,26.76,27.23,18.309999,16.99,30.4,36.110001,39.18,37.060001,1.18,70.489998,20.34,45.599998,18.77
11/03/2022,58.540001,33.369999,29.07,67.110001,60.400002,21.57,38.52,26.709999,31.5,24.379999,49.150002,45.16,24.07,32.509998,24.360001,299.940002,19.129999,25.049999,52.389999,76.129997,26.290001,26.85,18.360001,17.120001,30.110001,35.990002,38.52,36.82,1.18,69.209999,20.4,45.970001,18.74
14/03/2022,58.619999,32.529999,27.120001,66.82,60.099998,21.34,37.919998,27.450001,31.690001,24.08,48.77,45.84,24.469999,33.310001,24.66,311.769989,18.9,25.059999,50.869999,76.089996,25.959999,27.450001,18.83,17.030001,29.17,37.23,38.919998,35.880001,1.17,67.790001,20.860001,46.599998,19.139999
15/03/2022,59.580002,31.84,27.07,67.559998,60.02,20.959999,38.099998,27.73,31.93,24.309999,49.43,46.349998,24.75,33.560001,24.700001,310.880005,19.309999,25.120001,51.369999,76.309998,26.440001,27.93,19.129999,17.65,29.85,37.459999,39.450001,35.560001,1.17,69.290001,20.790001,46.810001,19.25
16/03/2022,60.91,32.939999,32.82,70.519997,61.41,22.35,38.849998,28.93,32.790001,25.120001,50.349998,47.310001,25.34,35.040001,25.280001,318.040009,20.23,25.629999,55.32,78.209999,27.49,28.77,19.15,18.42,30.59,39.939999,42.189999,36.490002,1.17,71.120003,21.66,48.959999,20.02
17/03/2022,61.48,33.82,31.610001,71.129997,62.700001,22.57,39.630001,28.93,33.080002,25.370001,51.459999,48.200001,25.51,35.23,24.58,315.459991,20.4,25.74,54.68,78.589996,27.92,28.709999,19.690001,18.969999,30.629999,39.650002,42.130001,36.900002,1.17,71.93,21.77,49.630001,20.120001
18/03/2022,62.27,34.650002,33.169998,71.5,62.52,23.200001,39.779999,28.91,33.34,25.690001,52.59,48.970001,25.48,35.200001,24.440001,318.829987,20.700001,25.65,54.619999,78.309998,28.15,28.76,19.5,18.620001,30.1,40.049999,42.970001,36.77,1.17,72.800003,22.02,50.25,20.290001
21/03/2022,62.25,35.549999,31.780001,70.019997,62.080002,22.889999,40.209999,28.440001,33.349998,25.690001,52.200001,48.580002,25.23,34.700001,24.450001,320.579987,20.540001,25.530001,54.52,77.019997,28.91,28.65,19.790001,18.440001,29.83,39.470001,42.349998,37,1.18,73.150002,21.799999,49.290001,20.129999
22/03/2022,62.439999,35.950001,33.18,71.220001,62.290001,22.860001,40.380001,28.860001,33.77,25.98,53.09,48.98,25.58,35.32,24.559999,321.899994,20.799999,25.459999,55.060001,77.290001,28.700001,29.030001,20.219999,18.83,30.139999,39.900002,43.150002,37.43,1.17,74.160004,22.219999,49.509998,20.34
23/03/2022,62.07,36.48,32.970001,70.529999,61.700001,22.76,40.060001,28.15,33.459999,26,52.759998,48.380001,24.91,34.599998,24.48,312.040009,20.719999,25.559999,54.990002,76.580002,28.26,28.5,20.049999,18.4,29.780001,39.130001,42.02,37.41,1.2,73.769997,21.5,48.07,20.040001
24/03/2022,62.75,37.130001,32.610001,70.959999,62.259998,22.92,40.189999,28.309999,33.689999,26.360001,53.610001,48.77,25.01,34.869999,24.92,313.140015,20.940001,25.690001,55.889999,77.370003,29.25,28.83,20.049999,18.67,30.49,39.119999,42.599998,37.23,1.2,74.449997,21.27,48.07,19.99
25/03/2022,62.740002,37.689999,32.119999,70.169998,61.810001,22.700001,40.59,28.309999,33.860001,26.5,53.580002,48.810001,25.08,34.889999,24.790001,318.609985,20.860001,25.959999,55.279999,76.940002,29.780001,29.030001,19.950001,18.610001,30.66,38.849998,42.59,37.700001,1.19,74.529999,21.360001,48.259998,20.110001
28/03/2022,61.799999,37.400002,32.619999,70.879997,61.380001,22.68,40.369999,28.629999,33.540001,26.370001,53.650002,48.799999,25.26,35.139999,24.92,317.220001,20.870001,25.76,55.049999,76.849998,29.23,29.24,19.99,18.83,30.809999,38.91,42.669998,37.290001,1.19,73.989998,21.32,48.279999,20.18
29/03/2022,63.02,37.860001,33.32,72.5,62.099998,22.93,40.59,29.559999,33.810001,26.68,54.540001,49.759998,26.129999,36.41,24.870001,311.869995,21.41,25.700001,55.77,77.889999,29.190001,30.059999,20.76,19.68,30.879999,40.360001,44.18,37.32,1.2,75.330002,22.280001,50.290001,20.67
30/03/2022,62.360001,37.740002,33.139999,71.550003,62.119999,23.01,40.66,29.18,33.950001,26.700001,54.549999,49.66,26.01,36.209999,24.809999,311.329987,21.200001,25.65,56.25,78.379997,28.75,30.16,20.93,19.73,30.940001,40.07,43.450001,37.139999,1.19,75.269997,22.030001,48.549999,20.620001
31/03/2022,61.610001,37.810001,31.969999,71.230003,61.450001,22.57,40.209999,28.389999,33.639999,26.43,54.970001,49.099998,25.459999,35.330002,24.75,316,20.84,25.610001,55.529999,77.989998,29.07,29.530001,20.700001,19.01,31.1,38.849998,42.330002,37.200001,1.18,74.209999,21.6,47.75,20.219999
01/04/2022,61.93,39.139999,33.200001,71.019997,61.490002,22.92,40.220001,28.610001,33.93,26.690001,55.360001,49.509998,25.809999,35.639999,24.799999,315.910004,20.98,25.940001,56.48,78.089996,29.549999,29.969999,20.950001,19.389999,31.16,39.740002,42.740002,37.599998,1.2,74.410004,21.950001,48.259998,20.48
04/04/2022,62.43,39.52,34.330002,72.029999,62.43,23.09,40.619999,28.6,33.900002,26.879999,55.07,49.790001,25.719999,35.669998,25.040001,314.320007,21.4,25.91,56.16,78.389999,29.799999,29.809999,21.67,19.27,31.52,39.889999,43.150002,37.709999,1.2,75.769997,21.700001,48.73,20.450001
05/04/2022,60.799999,38.32,33.389999,70.860001,61.650002,22.85,40.330002,28.07,33.950001,26.74,54.139999,49.709999,25.73,34.779999,24.84,319.130005,21.120001,25.790001,54.650002,77.440002,29.129999,29.32,21.49,18.700001,31.18,39.619999,42.23,36.799999,1.18,75.160004,21.110001,47.73,20.280001
06/04/2022,59.889999,37.669998,32.740002,69.989998,60.84,22.559999,39.900002,27.59,33.990002,26.559999,53.610001,49.169998,25.530001,34.09,24.459999,324.570007,20.879999,25.860001,54.66,76.919998,28.76,28.860001,21.41,18.450001,31.08,38.779999,41.240002,36.830002,1.18,73.739998,20.65,46.759998,19.950001
07/04/2022,59.68,37.77,32.25,69.550003,60,22.4,39.790001,27.6,34.139999,26.530001,53.43,49.669998,25.6,34.23,24.6,331.049988,20.690001,25.860001,54.389999,76.870003,28.700001,28.889999,21.6,18.469999,30.450001,39.27,41.369999,36.970001,1.19,74.190002,20.65,47.25,20.07
08/04/2022,59.43,37.860001,32.279999,68.900002,59.830002,22.620001,39.889999,27.690001,34.200001,26.540001,53.16,49.84,25.75,34.16,24.790001,330.820007,20.559999,25.76,54.900002,76.769997,28.4,29.15,22.040001,18.32,30.530001,39.25,40.98,36.389999,1.2,73.75,20.84,47.290001,20.110001
11/04/2022,58.5,37.599998,31.51,68.379997,58.669998,22.09,39.57,27.34,33.84,26.26,53.240002,49.919998,25.6,34.189999,24.440001,331.619995,20.32,25.799999,54.860001,76.360001,27.65,29.040001,22.709999,18.5,30.209999,38.189999,40.400002,35.950001,1.19,73.120003,20.65,47.240002,19.940001
12/04/2022,57.73,37.549999,31.389999,68.519997,58.59,22.030001,39.400002,27.059999,33.669998,26.360001,53.119999,49.310001,25.42,33.970001,24.549999,335.079987,20.120001,25.629999,54.380001,76.519997,28,28.76,22.950001,18.27,29.83,38.27,40.060001,35.540001,1.18,73.239998,20.549999,46.66,19.82
13/04/2022,58.560001,37.599998,32,70.25,59.950001,22.07,39.810001,27.33,34.080002,26.5,53.5,49.490002,25.77,34.400002,24.879999,337.109985,20.370001,25.74,53.790001,76.879997,28.370001,29.200001,23.139999,18.629999,30.17,38.700001,40.830002,35.110001,1.2,73.690002,21.059999,47.459999,20.139999
14/04/2022,58.400002,37.240002,31.639999,68.730003,58.73,22.09,39.68,27.17,34.099998,26.389999,52.66,49.25,25.809999,34.290001,24.4,336.670013,20.209999,25.549999,52.689999,76.309998,27.84,29.07,23.110001,18.41,29.83,38.209999,40.25,34.939999,1.2,73.029999,20.92,47.490002,20.059999
18/04/2022,57.700001,37.490002,31.35,68.68,57.810001,21.99,39.709999,27.110001,33.939999,26.309999,53.419998,49.09,25.75,34.310001,24.74,340.600006,19.93,25.440001,52.82,76.230003,27.74,29.049999,23.34,18.309999,30.129999,37.900002,40.360001,34.810001,1.19,72.769997,20.870001,47.290001,19.93
19/04/2022,57.709999,37.18,31.040001,69.169998,58.049999,22.01,40.02,27.389999,34.02,26.639999,53.18,48.599998,25.950001,34.389999,24.5,336.51001,20.040001,25.360001,51.91,76.150002,27.85,29.24,23.549999,18.26,30.01,38.610001,40.619999,34.790001,1.18,74.400002,21.1,47.779999,20.09
20/04/2022,58.25,37.299999,30.129999,69.57,58.41,21.940001,40.34,27.709999,34.169998,26.799999,52.77,48.619999,26.1,34.779999,24.879999,341.609985,20.02,25.35,51.34,76.040001,28.33,29.41,23.75,18.110001,30.540001,39.09,41.259998,34.869999,1.17,74.029999,21.32,48.549999,20.34
21/04/2022,57.77,36.32,29.24,68.32,57.689999,21.67,39.450001,27.639999,33.73,26.280001,51.740002,47.970001,25.84,34.650002,25.030001,342.01001,19.690001,25.219999,49.73,75.760002,27.15,28.889999,23.59,17.73,30.1,38.470001,40.889999,34.009998,1.17,72.32,21.23,48.380001,20.17
22/04/2022,56.91,34.75,29.51,67.510002,56.939999,21.67,38.18,27.09,32.98,25.290001,51.48,47.68,25.459999,34.169998,24.639999,338.880005,19.559999,24.950001,48.740002,75.68,26.83,28.34,22.77,17.34,29.809999,37.959999,40.27,33.48,1.17,71.139999,21.059999,47.880001,19.85
25/04/2022,57.259998,34.09,29.18,67.029999,56.869999,21.389999,37.84,26.91,32.580002,24.860001,51.279999,47.700001,25.559999,33.959999,25.07,336.410004,19.620001,24.85,47.919998,75.290001,25.83,28.209999,23.15,17.07,29.99,37.080002,39.84,31.709999,1.18,71.75,20.809999,47.75,19.77
26/04/2022,56.049999,32.580002,28.559999,65.129997,55.380001,21.120001,37.009998,25.84,31.75,24.4,50.41,46.18,24.5,32.959999,25.110001,339.290009,19.09,24.6,47.110001,73.68,25.43,27.190001,22.200001,16.17,29.58,35.330002,38.240002,31.18,1.17,69.989998,20.23,46.119999,19.24
27/04/2022,56.27,33.009998,29.469999,65.199997,55.380001,21.360001,37.09,25.82,32.02,24.620001,50.150002,46.619999,24.450001,32.990002,25.23,335.200012,19.190001,24.549999,47.439999,74.050003,25.66,27.32,22.76,16.01,29.41,36.040001,38.200001,31.68,1.19,69.489998,20.379999,46.029999,19.18
28/04/2022,57.299999,33.439999,29.700001,66.349998,56.59,21.530001,37.880001,26.32,32.459999,24.98,50.509998,47,24.809999,33.450001,25.280001,339.420013,19.42,24.68,47.799999,74.389999,25.469999,27.690001,22.5,16.27,29.48,36.240002,39,31.83,1.15,70.779999,20.709999,46.830002,19.26
29/04/2022,56.619999,32.77,30.940001,66.639999,55.91,21.370001,37.049999,26.01,32.299999,24.58,49.43,46.400002,24.57,32.950001,25.219999,341.630005,19.530001,24.809999,47.939999,74.470001,25.389999,27.43,22.290001,15.78,28.83,35.91,38.43,31.950001,1.18,69.139999,20.4,46.360001,19.01
02/05/2022,56.599998,31.629999,31.07,66.860001,55.650002,21.32,36.959999,25.959999,32.130001,24.51,49.700001,46.110001,24.469999,32.830002,25.139999,340.149994,19.530001,24.67,46.830002,73.809998,25.09,27.43,22.120001,15.74,28.889999,35.459999,38.330002,31.540001,1.17,67.339996,20.42,46.169998,19.030001
03/05/2022,57.049999,32.169998,31.52,67.07,56.18,21.67,37.459999,26.1,32.59,24.790001,49.400002,45.990002,24.879999,33.119999,25.26,339,19.6,24.700001,47.82,74.150002,25.58,27.75,22.08,15.75,28.77,35.709999,38.700001,31.93,1.15,67.25,20.76,46.68,19.110001
04/05/2022,58.060001,33.09,31.66,68.260002,57.32,21.790001,38.290001,26.719999,33.040001,25.370001,50.490002,46.52,25.309999,33.790001,25.57,340.220001,19.969999,25.09,48.91,75.580002,26.700001,28.23,22.35,16.17,29.110001,36.459999,39.5,32.220001,1.13,67.739998,21.049999,47.619999,19.59
05/05/2022,56.470001,31.66,30,65.879997,55.23,21.23,37.07,25.799999,32.040001,24.450001,49.099998,45.27,24.440001,32.75,25.200001,337.98999,19.32,24.360001,45.970001,73.5,26.059999,27.26,22.469999,15.13,28.9,34.669998,37.830002,30.42,1.13,65.220001,19.84,45.970001,19.120001
06/05/2022,56.689999,31.34,29.07,66.129997,55.16,20.91,36.82,25.42,31.59,24.09,48.43,44.580002,24.309999,32.290001,25.040001,336.190002,19.1,24.16,44.830002,73.309998,25.92,27,22.26,15.11,28.92,33.959999,37.130001,29.85,1.13,64.970001,19.74,45.049999,18.790001
09/05/2022,55.09,30.25,28.01,64.010002,53.369999,20.51,35.389999,24.91,30.709999,23.290001,47.540001,43.119999,23.709999,31.469999,23.709999,330.140015,18.51,23.75,43.369999,71.440002,24.9,26.200001,22.07,14.93,28.43,32.77,35.75,28.629999,1.13,61.599998,19.049999,43.830002,18.129999
10/05/2022,55.169998,30.299999,28.33,64.300003,54,20.67,35.16,25.26,30.950001,23.309999,47.630001,43.619999,23.85,31.76,23.76,329.029999,18.32,23.879999,43.880001,72.239998,24.92,26.57,22.139999,14.87,28.6,33.310001,36.139999,28.290001,1.13,61.919998,19.26,44.049999,18.379999
11/05/2022,54.57,30.67,28.34,63.599998,53.130001,20.57,35.189999,25.24,30.709999,23.24,47.950001,43.16,23.879999,31.68,23.76,331.51001,18.110001,23.74,44,71.309998,25.07,26.6,21.65,14.59,28.33,33.43,35.75,28.34,1.12,61.380001,19.110001,43.450001,18.23
12/05/2022,55.18,31.09,28.34,62.68,52.73,20.68,34.880001,25.1,30.559999,22.799999,48.150002,42.990002,23.540001,31.450001,22.950001,334.200012,17.98,23.700001,44.150002,70.919998,25.18,26.4,21.139999,14.27,28.139999,33.459999,35.849998,27.68,1.13,61.700001,18.809999,43.580002,18.08
13/05/2022,56.32,31.889999,29.610001,65.489998,53.900002,21.120001,35.900002,25.780001,31.530001,23.629999,48.900002,43.82,24.1,32.43,23.280001,325.76001,18.559999,23.83,45.380001,71.849998,26.219999,27.110001,21.17,15.04,27.879999,34.639999,37.18,28.66,1.13,63.77,19.34,44.860001,18.52
16/05/2022,56.02,32.349998,29.57,64.739998,53.470001,21.139999,36.240002,25.77,31.9,23.719999,49.779999,43.919998,24.24,32.57,23.26,325.309998,18.49,23.860001,45.77,71.809998,26.209999,27.209999,20.799999,15.19,27.969999,34.720001,37.080002,28.610001,1.13,63.57,19.65,44.77,18.610001
17/05/2022,56.43,33.16,30.469999,66.440002,54.580002,21.6,36.84,26.459999,32.540001,24.120001,50.900002,44.450001,24.84,33.419998,23.58,316.890015,18.82,23.9,46.48,73.419998,27.59,27.77,20.690001,15.72,28.459999,35.470001,38.369999,29.25,1.14,65.830002,20.27,45.77,18.84
18/05/2022,55.889999,32.139999,29.620001,64.230003,53.709999,21.389999,35.91,25.559999,31.639999,23.52,49.66,43.689999,24.450001,32.380001,23.26,319.339996,18.469999,23.74,45.02,72.889999,27.120001,27.040001,20.33,15.27,28.52,34.299999,36.779999,28.559999,1.14,63.57,19.82,44.220001,18.51
19/05/2022,56.369999,32.82,30.299999,65.470001,54.119999,21.549999,36.32,25.950001,31.76,23.83,50.75,43.810001,24.719999,32.689999,23.66,326.390015,18.799999,23.969999,45.990002,73.839996,27.940001,27.6,20.6,15.58,28.870001,35.040001,36.98,29.51,1.12,63.52,20.34,44.619999,18.4
20/05/2022,57.09,33.619999,30.42,66.120003,54.34,21.780001,36.209999,26.09,32.080002,24.040001,51.110001,43.669998,24.959999,32.68,23.540001,324.410004,19.030001,23.92,45.639999,73.949997,28.059999,27.559999,20.25,15.58,29.040001,34.880001,37.130001,29.77,1.13,63.490002,20.370001,45,18.530001
23/05/2022,57.639999,34.84,30.35,67.129997,54.919998,21.780001,36.84,26.690001,32.709999,24.35,51.02,44.52,25.57,33.43,23.51,322.220001,19,23.99,46.889999,75.370003,28.940001,28.200001,20.540001,16.290001,28.959999,35.759998,38.16,30.370001,1.14,64.949997,21.02,46.310001,18.879999
24/05/2022,57.419998,34.779999,29.190001,66.120003,54.049999,21.5,36.470001,26.51,32.77,24.32,51.200001,44.959999,25.91,33.32,23.91,322.589996,18.700001,23.709999,46.459999,75.059998,29,28.26,20.27,16.389999,28.639999,35.959999,37.75,30.16,1.12,63.48,21.209999,46.23,18.82
25/05/2022,57.540001,34.75,29.559999,66,54.68,21.530001,36.650002,26.49,32.939999,24.4,51.599998,44.610001,26.1,33.299999,23.68,328.829987,18.690001,23.76,45.599998,74.660004,29.040001,28.469999,20.280001,16.16,28.65,35.32,37.77,30.389999,1.138021,62.869999,21.4,46.389999,18.76
26/05/2022,57.990002,35.5,30.719999,66.559998,54.91,21.74,37.029999,26.969999,33.049999,24.43,51.970001,45.16,26.4,33.950001,23.950001,327.01001,19.030001,24.040001,46.950001,75.459999,29.940001,28.860001,20.540001,16.41,29.190001,35.82,38.48,30.82,1.108333,64.160004,21.5,46.950001,18.91
27/05/2022,58.34,35.720001,30.940001,67.599998,56.040001,22.129999,37.619999,27.360001,33.209999,24.950001,53.16,45.77,26.530001,34.549999,24.57,332.51001,19.219999,24.08,47.889999,75.730003,30.700001,28.969999,20.629999,16.440001,29.530001,36.549999,39.27,31.24,1.118229,65.199997,21.549999,47.75,19.02
31/05/2022,57.599998,35.25,31.860001,68.040001,57.060001,22.17,37.830002,27.33,33.169998,24.68,52.07,45.549999,26.25,34.299999,24.98,332.970001,19.08,24.17,48.369999,75.860001,30.379999,28.83,21.290001,16.51,29.370001,36.5,39.490002,30.959999,1.138021,65.349998,21.540001,47.509998,18.860001
01/06/2022,57.630001,35.099998,31.530001,67.610001,56.560001,22.08,37.75,27.01,32.709999,24.76,51.650002,44.599998,25.809999,33.759998,24.860001,334.130005,18.950001,24.02,47.580002,75.660004,29.82,28.32,21.440001,16.209999,28.83,36.009998,38.700001,30.790001,1.108333,65.199997,21.219999,46.34,18.639999
02/06/2022,58.220001,35.540001,32.439999,68.599998,57.279999,22.33,38.580002,27.690001,33.330002,25.34,51.5,45.599998,26.18,34.77,24.879999,332.880005,19.18,24.02,48.630001,75.989998,30.82,28.879999,21.530001,16.74,28.790001,37.580002,39.669998,31.700001,1.108333,66.040001,21.76,47.040001,18.85
03/06/2022,57.009998,35.240002,31.870001,67.019997,56.23,22.15,38.02,27.370001,32.880001,24.98,51.23,44.950001,25.93,34.349998,24.76,333.929993,18.84,23.620001,47.82,75.199997,30.75,28.35,21.629999,16.24,28.35,36.869999,38.950001,31.379999,1.12,65.169998,21.84,46.630001,18.83
06/06/2022,57.32,34.869999,32.75,66.889999,56.330002,22.41,38.16,27.530001,33.07,24.940001,50.490002,44.759998,26.120001,34.509998,24.51,332.820007,18.959999,23.73,47.68,74.82,30.35,28.700001,21.559999,16.35,28.389999,36.959999,39.419998,30.99,1.06,65.32,21.879999,46.669998,18.92
07/06/2022,57.5,34.290001,33.25,66.5,56.330002,22.450001,38.48,27.530001,33.349998,24.879999,50.669998,44.560001,26.309999,34.5,24.57,333.470001,19.16,23.610001,47.27,74.620003,30.190001,28.65,21.52,16.459999,28.709999,37.029999,39.470001,31.190001,1.05,65.389999,21.790001,47.029999,18.99
08/06/2022,56.75,33.52,34.16,66.029999,56.16,22.309999,38.119999,27.17,32.880001,24.450001,50.48,43.75,25.99,33.950001,24.57,330,19.15,23.5,47.400002,74.239998,30.049999,28.27,20.24,16.08,28.74,36.450001,39.220001,31.17,1.04,64.870003,21.6,46.400002,18.74
09/06/2022,55.799999,31.48,32.720001,64.779999,55.43,21.73,37.02,25.610001,31.610001,23.01,49.119999,42.02,24.889999,32.150002,23.780001,335.600006,18.42,22.75,44.560001,72.379997,28.280001,26.59,19.459999,15.44,27.93,34.290001,37.580002,29.48,1.04,62.43,20.629999,45.279999,17.85
10/06/2022,54.790001,30.530001,32.740002,63.130001,54.869999,21.559999,36.23,24.83,30.879999,22.379999,47.41,41.130001,23.950001,31.299999,23.26,336.600006,18.1,22.49,43.689999,71.599998,27.700001,25.26,19.370001,15.06,27.26,33.349998,36.52,29.25,1.04,61.119999,19.879999,43.52,17.48
13/06/2022,53.259998,29.02,31.309999,60.259998,53.189999,21.16,35,23.969999,29.950001,21.41,46.040001,39.950001,23.190001,30.15,22.66,336.76001,17.629999,22.01,42.119999,70.07,26.58,24.360001,19.08,14.41,26.940001,32.189999,34.790001,28.42,1.04,57.540001,19.32,41.669998,17.049999
14/06/2022,52.900002,28.799999,32.279999,60.959999,53.93,21.200001,34.580002,23.76,29.49,21.24,45.5,39.299999,22.809999,29.790001,22.85,336.839996,17.6,22.219999,41.880001,70.290001,26.48,24.25,19.17,14.48,26.879999,31.74,34.389999,28.120001,1.04,58.110001,19.120001,41.040001,16.82
15/06/2022,53.490002,29.58,32.919998,61,54.5,21.32,34.889999,24.309999,30.27,21.67,46.32,39.860001,23.32,30.42,22.92,340.350006,17.860001,22.08,43.779999,70.830002,26.889999,25.129999,19.32,14.66,26.58,32.169998,35.389999,28.469999,1.05,59.66,19.620001,41.849998,17.33
16/06/2022,52.639999,28.27,31.65,59.240002,52.450001,20.91,33.689999,23.51,29.629999,21.18,45.27,39.560001,23.219999,29.75,22.9,341.23999,17.530001,22.17,42.240002,68.440002,25.950001,24.41,19.01,14.08,26.4,31.01,33.740002,28.190001,1.05,57.52,18.809999,40.830002,16.860001
17/06/2022,52.060001,27.92,32.23,59.700001,52.34,20.959999,33.310001,23.67,29.18,20.809999,45.810001,39.5,23.25,29.700001,22.620001,344.51001,17.559999,21.889999,42.259998,67.800003,25.780001,24.41,19.27,14.52,26.25,31.01,34.150002,27.85,1.05,57.919998,18.84,41.119999,17.1
21/06/2022,52.599998,27.889999,33.029999,59.57,53.259998,21.309999,34.23,23.91,29.950001,21.309999,46.380001,39.82,23.450001,30.139999,23.07,342.26001,17.870001,22.129999,43.330002,68.699997,26.18,24.75,19.540001,14.89,25.959999,31.450001,34.810001,27.57,1.07,59.900002,19.190001,41.110001,17.219999
22/06/2022,52.34,27.74,32.439999,57.810001,52.09,21.09,33.709999,23.76,29.620001,21.07,45.950001,40.169998,23.280001,29.969999,22.9,341.01001,17.709999,21.76,42.709999,68.269997,25.4,24.51,19.4,14.49,25.67,31.219999,34.610001,26.93,1.07,59.830002,18.879999,40.990002,17.139999
23/06/2022,52.66,27.139999,32.939999,57.220001,51.959999,21.120001,33.060001,23.370001,29.440001,21.040001,45.689999,40.209999,23.34,29.959999,23.07,345.339996,17.9,21.73,42.540001,67.970001,24.48,24.440001,19.15,14.18,25.110001,30.620001,34.25,25.950001,1.09,59.630001,18.42,40.889999,17.030001
24/06/2022,53.700001,27.200001,33.84,59.5,52.790001,21.48,33.93,23.93,30.379999,21.610001,47.330002,41.84,23.860001,31.120001,23.25,342.630005,18.23,21.99,44.23,68.830002,24.540001,25.16,19.27,14.57,25.48,31.74,35.759998,26.360001,1.09,61.200001,18.76,42.049999,17.299999
27/06/2022,53.23,27.9,34.119999,59.5,52.66,21.870001,34.34,23.9,30.34,21.559999,47.560001,41.810001,23.709999,30.709999,22.889999,344.359985,18.110001,21.809999,44.529999,69.07,24.860001,24.790001,20.049999,14.76,25.450001,31.59,36.150002,26.49,1.08,61.330002,18.85,41.810001,17.389999
28/06/2022,53.150002,27.66,34.130001,59.060001,51.779999,22.02,34.290001,23.65,30.26,21.52,47.110001,41.099998,23.620001,30.5,22.719999,347.570007,17.91,21.959999,43.209999,69.669998,24.49,24.709999,19.700001,14.7,25.799999,30.950001,35.450001,26.68,1.05,60.540001,18.66,41.080002,17.27
29/06/2022,52.91,27.780001,33.939999,58.150002,51.529999,22.08,33.990002,23.25,30.190001,21.459999,46.759998,41.459999,23.360001,30.219999,22.41,347.73999,17.85,22,43.049999,69.519997,24.23,24.42,19.110001,14.74,25.809999,30.870001,35.16,26.389999,1.05,60.52,18.33,40.599998,17.18
30/06/2022,52.830002,27.389999,33.91,58.189999,50.419998,22.200001,33.68,23.01,29.959999,21.219999,46.59,41.529999,23.32,30.01,22.379999,349.890015,17.68,21.950001,42.490002,68.910004,24.07,24.08,19.01,14.63,25.379999,30.450001,35.060001,25.52,1.05,59.169998,18.059999,40.18,17.040001
01/07/2022,53.049999,27.07,33.939999,57.400002,49.080002,22.16,34.040001,23.030001,29.889999,21.09,46.459999,41.580002,23.639999,30.110001,22.09,349.459991,17.66,22.030001,42.369999,68.57,24,24.209999,19.25,14.56,25.52,30.540001,34.740002,25.93,,59.130001,18.049999,40.57,17.25
05/07/2022,52.709999,26.43,33.779999,57,48.68,21.91,33.200001,22.1,29.01,20.82,45.68,41.07,22.799999,29.15,21.639999,353.709991,17.73,21.690001,41.939999,66.449997,23.52,23.27,18.75,13.7,25.58,29.940001,33.849998,24.959999,,59.25,17.25,39.459999,16.83
06/07/2022,52.549999,26.08,33.165001,56.259998,47.790001,21.719999,32.700001,21.934999,28.92,20.790001,45.360001,41.110001,22.209999,29.049999,21.540001,354.98999,17.549999,21.424999,41.02,65.934998,22.870001,22.92,18.559999,13.425,25.940001,30.09,33.619999,24.309999,,58.57,16.839001,39.400002,16.67
,,,,,,,,,,,,,,,,354.429993,,,,,,,,,,,,,,,,,
,,,,,,,,,,,,,,,,354.570007,,,,,,,,,,,,,,,,,
,,,,,,,,,,,,,,,,358.640015,,,,,,,,,,,,,,,,,
,,,,,,,,,,,,,,,,360.190002,,,,,,,,,,,,,,,,,
,,,,,,,,,,,,,,,,360.950012,,,,,,,,,,,,,,,,,
,,,,,,,,,,,,,,,,358.769989,,,,,,,,,,,,,,,,,
,,,,,,,,,,,,,,,,361.01001,,,,,,,,,,,,,,,,,
,,,,,,,,,,,,,,,,362.420013,,,,,,,,,,,,,,,,,
,,,,,,,,,,,,,,,,362.420013,,,,,,,,,,,,,,,,,
,,,,,,,,,,,,,,,,363.070007,,,,,,,,,,,,,,,,,
,,,,,,,,,,,,,,,,360.519989,,,,,,,,,,,,,,,,,
,,,,,,,,,,,,,,,,357.600006,,,,,,,,,,,,,,,,,
,,,,,,,,,,,,,,,,354.670013,,,,,,,,,,,,,,,,,
,,,,,,,,,,,,,,,,358.790009,,,,,,,,,,,,,,,,,
,,,,,,,,,,,,,,,,361.559998,,,,,,,,,,,,,,,,,
,,,,,,,,,,,,,,,,363.950012,,,,,,,,,,,,,,,,,
,,,,,,,,,,,,,,,,368.200012,,,,,,,,,,,,,,,,,
,,,,,,,,,,,,,,,,368.48999,,,,,,,,,,,,,,,,,
,,,,,,,,,,,,,,,,364.429993,,,,,,,,,,,,,,,,,
,,,,,,,,,,,,,,,,365.829987,,,,,,,,,,,,,,,,,
,,,,,,,,,,,,,,,,366.480011,,,,,,,,,,,,,,,,,
,,,,,,,,,,,,,,,,364.570007,,,,,,,,,,,,,,,,,
,,,,,,,,,,,,,,,,364.600006,,,,,,,,,,,,,,,,,
,,,,,,,,,,,,,,,,366.809998,,,,,,,,,,,,,,,,,
,,,,,,,,,,,,,,,,367.339996,,,,,,,,,,,,,,,,,
,,,,,,,,,,,,,,,,369.670013,,,,,,,,,,,,,,,,,
,,,,,,,,,,,,,,,,368.049988,,,,,,,,,,,,,,,,,
,,,,,,,,,,,,,,,,368.730011,,,,,,,,,,,,,,,,,
,,,,,,,,,,,,,,,,366.839996,,,,,,,,,,,,,,,,,
,,,,,,,,,,,,,,,,366.209991,,,,,,,,,,,,,,,,,
,,,,,,,,,,,,,,,,367.529999,,,,,,,,,,,,,,,,,
,,,,,,,,,,,,,,,,368.820007,,,,,,,,,,,,,,,,,
,,,,,,,,,,,,,,,,368.980011,,,,,,,,,,,,,,,,,
,,,,,,,,,,,,,,,,365.730011,,,,,,,,,,,,,,,,,
,,,,,,,,,,,,,,,,362.209991,,,,,,,,,,,,,,,,,
,,,,,,,,,,,,,,,,363.959991,,,,,,,,,,,,,,,,,
,,,,,,,,,,,,,,,,367.730011,,,,,,,,,,,,,,,,,
,,,,,,,,,,,,,,,,373.230011,,,,,,,,,,,,,,,,,
,,,,,,,,,,,,,,,,374.369995,,,,,,,,,,,,,,,,,
,,,,,,,,,,,,,,,,374.799988,,,,,,,,,,,,,,,,,
,,,,,,,,,,,,,,,,372.420013,,,,,,,,,,,,,,,,,
,,,,,,,,,,,,,,,,376.040009,,,,,,,,,,,,,,,,,
,,,,,,,,,,,,,,,,380.26001,,,,,,,,,,,,,,,,,
,,,,,,,,,,,,,,,,379.950012,,,,,,,,,,,,,,,,,
,,,,,,,,,,,,,,,,380.579987,,,,,,,,,,,,,,,,,
,,,,,,,,,,,,,,,,380.399994,,,,,,,,,,,,,,,,,
,,,,,,,,,,,,,,,,381.570007,,,,,,,,,,,,,,,,,
,,,,,,,,,,,,,,,,382.109985,,,,,,,,,,,,,,,,,
,,,,,,,,,,,,,,,,380.779999,,,,,,,,,,,,,,,,,
,,,,,,,,,,,,,,,,379.470001,,,,,,,,,,,,,,,,,
,,,,,,,,,,,,,,,,376.589996,,,,,,,,,,,,,,,,,
,,,,,,,,,,,,,,,,376.329987,,,,,,,,,,,,,,,,,
,,,,,,,,,,,,,,,,375.26001,,,,,,,,,,,,,,,,,
,,,,,,,,,,,,,,,,378.049988,,,,,,,,,,,,,,,,,
,,,,,,,,,,,,,,,,378.309998,,,,,,,,,,,,,,,,,
,,,,,,,,,,,,,,,,373.829987,,,,,,,,,,,,,,,,,
,,,,,,,,,,,,,,,,365.700012,,,,,,,,,,,,,,,,,
,,,,,,,,,,,,,,,,366.149994,,,,,,,,,,,,,,,,,
,,,,,,,,,,,,,,,,369.570007,,,,,,,,,,,,,,,,,
,,,,,,,,,,,,,,,,372.980011,,,,,,,,,,,,,,,,,
,,,,,,,,,,,,,,,,373.329987,,,,,,,,,,,,,,,,,
,,,,,,,,,,,,,,,,370.350006,,,,,,,,,,,,,,,,,
,,,,,,,,,,,,,,,,359.869995,,,,,,,,,,,,,,,,,
,,,,,,,,,,,,,,,,359.279999,,,,,,,,,,,,,,,,,
,,,,,,,,,,,,,,,,357.959991,,,,,,,,,,,,,,,,,
,,,,,,,,,,,,,,,,360.179993,,,,,,,,,,,,,,,,,
,,,,,,,,,,,,,,,,352.619995,,,,,,,,,,,,,,,,,
,,,,,,,,,,,,,,,,357.380005,,,,,,,,,,,,,,,,,
,,,,,,,,,,,,,,,,359.670013,,,,,,,,,,,,,,,,,
,,,,,,,,,,,,,,,,362.970001,,,,,,,,,,,,,,,,,
,,,,,,,,,,,,,,,,361.160004,,,,,,,,,,,,,,,,,
,,,,,,,,,,,,,,,,358.390015,,,,,,,,,,,,,,,,,
,,,,,,,,,,,,,,,,357.140015,,,,,,,,,,,,,,,,,
,,,,,,,,,,,,,,,,360,,,,,,,,,,,,,,,,,
,,,,,,,,,,,,,,,,366.630005,,,,,,,,,,,,,,,,,
,,,,,,,,,,,,,,,,368.940002,,,,,,,,,,,,,,,,,
,,,,,,,,,,,,,,,,372.649994,,,,,,,,,,,,,,,,,
,,,,,,,,,,,,,,,,375.470001,,,,,,,,,,,,,,,,,
,,,,,,,,,,,,,,,,374.980011,,,,,,,,,,,,,,,,,
,,,,,,,,,,,,,,,,377.269989,,,,,,,,,,,,,,,,,
,,,,,,,,,,,,,,,,374.100006,,,,,,,,,,,,,,,,,
,,,,,,,,,,,,,,,,377.929993,,,,,,,,,,,,,,,,,
,,,,,,,,,,,,,,,,379.119995,,,,,,,,,,,,,,,,,
,,,,,,,,,,,,,,,,380,,,,,,,,,,,,,,,,,
,,,,,,,,,,,,,,,,384.220001,,,,,,,,,,,,,,,,,
,,,,,,,,,,,,,,,,386.109985,,,,,,,,,,,,,,,,,
,,,,,,,,,,,,,,,,387.429993,,,,,,,,,,,,,,,,,
,,,,,,,,,,,,,,,,389.049988,,,,,,,,,,,,,,,,,
,,,,,,,,,,,,,,,,393.179993,,,,,,,,,,,,,,,,,
,,,,,,,,,,,,,,,,398.220001,,,,,,,,,,,,,,,,,
,,,,,,,,,,,,,,,,398.600006,,,,,,,,,,,,,,,,,
,,,,,,,,,,,,,,,,398.059998,,,,,,,,,,,,,,,,,
,,,,,,,,,,,,,,,,395.320007,,,,,,,,,,,,,,,,,
,,,,,,,,,,,,,,,,389.51001,,,,,,,,,,,,,,,,,
,,,,,,,,,,,,,,,,390.589996,,,,,,,,,,,,,,,,,
,,,,,,,,,,,,,,,,394.700012,,,,,,,,,,,,,,,,,
,,,,,,,,,,,,,,,,394.609985,,,,,,,,,,,,,,,,,
,,,,,,,,,,,,,,,,397.420013,,,,,,,,,,,,,,,,,
,,,,,,,,,,,,,,,,397.630005,,,,,,,,,,,,,,,,,
,,,,,,,,,,,,,,,,401.75,,,,,,,,,,,,,,,,,
,,,,,,,,,,,,,,,,403.98999,,,,,,,,,,,,,,,,,
,,,,,,,,,,,,,,,,399.299988,,,,,,,,,,,,,,,,,
,,,,,,,,,,,,,,,,397.480011,,,,,,,,,,,,,,,,,
,,,,,,,,,,,,,,,,398.76001,,,,,,,,,,,,,,,,,
,,,,,,,,,,,,,,,,391.200012,,,,,,,,,,,,,,,,,
,,,,,,,,,,,,,,,,399.690002,,,,,,,,,,,,,,,,,
,,,,,,,,,,,,,,,,393.820007,,,,,,,,,,,,,,,,,
,,,,,,,,,,,,,,,,387.119995,,,,,,,,,,,,,,,,,
,,,,,,,,,,,,,,,,389.910004,,,,,,,,,,,,,,,,,
,,,,,,,,,,,,,,,,383.130005,,,,,,,,,,,,,,,,,
,,,,,,,,,,,,,,,,386.200012,,,,,,,,,,,,,,,,,
,,,,,,,,,,,,,,,,397.829987,,,,,,,,,,,,,,,,,
,,,,,,,,,,,,,,,,399.609985,,,,,,,,,,,,,,,,,
,,,,,,,,,,,,,,,,393.730011,,,,,,,,,,,,,,,,,
,,,,,,,,,,,,,,,,398.01001,,,,,,,,,,,,,,,,,
,,,,,,,,,,,,,,,,392.26001,,,,,,,,,,,,,,,,,
,,,,,,,,,,,,,,,,388.200012,,,,,,,,,,,,,,,,,
,,,,,,,,,,,,,,,,397.049988,,,,,,,,,,,,,,,,,
,,,,,,,,,,,,,,,,386.839996,,,,,,,,,,,,,,,,,
,,,,,,,,,,,,,,,,384.910004,,,,,,,,,,,,,,,,,
,,,,,,,,,,,,,,,,380.690002,,,,,,,,,,,,,,,,,
,,,,,,,,,,,,,,,,389.209991,,,,,,,,,,,,,,,,,
,,,,,,,,,,,,,,,,393.950012,,,,,,,,,,,,,,,,,
,,,,,,,,,,,,,,,,396.920013,,,,,,,,,,,,,,,,,
,,,,,,,,,,,,,,,,403.480011,,,,,,,,,,,,,,,,,
,,,,,,,,,,,,,,,,401.609985,,,,,,,,,,,,,,,,,
,,,,,,,,,,,,,,,,401.549988,,,,,,,,,,,,,,,,,
,,,,,,,,,,,,,,,,400.350006,,,,,,,,,,,,,,,,,
,,,,,,,,,,,,,,,,397.850006,,,,,,,,,,,,,,,,,
,,,,,,,,,,,,,,,,401.679993,,,,,,,,,,,,,,,,,
,,,,,,,,,,,,,,,,396.470001,,,,,,,,,,,,,,,,,
,,,,,,,,,,,,,,,,384.290009,,,,,,,,,,,,,,,,,
,,,,,,,,,,,,,,,,384.019989,,,,,,,,,,,,,,,,,
,,,,,,,,,,,,,,,,379.859985,,,,,,,,,,,,,,,,,
,,,,,,,,,,,,,,,,380.109985,,,,,,,,,,,,,,,,,
,,,,,,,,,,,,,,,,385.820007,,,,,,,,,,,,,,,,,
,,,,,,,,,,,,,,,,387.350006,,,,,,,,,,,,,,,,,
,,,,,,,,,,,,,,,,377.660004,,,,,,,,,,,,,,,,,
,,,,,,,,,,,,,,,,380.01001,,,,,,,,,,,,,,,,,
,,,,,,,,,,,,,,,,370.549988,,,,,,,,,,,,,,,,,
,,,,,,,,,,,,,,,,366.480011,,,,,,,,,,,,,,,,,
,,,,,,,,,,,,,,,,361.720001,,,,,,,,,,,,,,,,,
,,,,,,,,,,,,,,,,351.690002,,,,,,,,,,,,,,,,,
,,,,,,,,,,,,,,,,353.299988,,,,,,,,,,,,,,,,,
,,,,,,,,,,,,,,,,345.109985,,,,,,,,,,,,,,,,,
,,,,,,,,,,,,,,,,344.570007,,,,,,,,,,,,,,,,,
,,,,,,,,,,,,,,,,341.100006,,,,,,,,,,,,,,,,,
,,,,,,,,,,,,,,,,351.799988,,,,,,,,,,,,,,,,,
,,,,,,,,,,,,,,,,363.049988,,,,,,,,,,,,,,,,,
,,,,,,,,,,,,,,,,365.519989,,,,,,,,,,,,,,,,,
,,,,,,,,,,,,,,,,368.48999,,,,,,,,,,,,,,,,,
,,,,,,,,,,,,,,,,353.549988,,,,,,,,,,,,,,,,,
,,,,,,,,,,,,,,,,358.01001,,,,,,,,,,,,,,,,,
,,,,,,,,,,,,,,,,355.130005,,,,,,,,,,,,,,,,,
,,,,,,,,,,,,,,,,359.119995,,,,,,,,,,,,,,,,,
,,,,,,,,,,,,,,,,366.730011,,,,,,,,,,,,,,,,,
,,,,,,,,,,,,,,,,358.429993,,,,,,,,,,,,,,,,,
,,,,,,,,,,,,,,,,347.059998,,,,,,,,,,,,,,,,,
,,,,,,,,,,,,,,,,347.48999,,,,,,,,,,,,,,,,,
,,,,,,,,,,,,,,,,356.130005,,,,,,,,,,,,,,,,,
,,,,,,,,,,,,,,,,356.040009,,,,,,,,,,,,,,,,,
,,,,,,,,,,,,,,,,345.450012,,,,,,,,,,,,,,,,,
,,,,,,,,,,,,,,,,341.51001,,,,,,,,,,,,,,,,,
,,,,,,,,,,,,,,,,338.079987,,,,,,,,,,,,,,,,,
,,,,,,,,,,,,,,,,329.420013,,,,,,,,,,,,,,,,,
,,,,,,,,,,,,,,,,340.48999,,,,,,,,,,,,,,,,,
,,,,,,,,,,,,,,,,345.769989,,,,,,,,,,,,,,,,,
,,,,,,,,,,,,,,,,346.799988,,,,,,,,,,,,,,,,,
,,,,,,,,,,,,,,,,341.48999,,,,,,,,,,,,,,,,,
,,,,,,,,,,,,,,,,347.220001,,,,,,,,,,,,,,,,,
,,,,,,,,,,,,,,,,342.26001,,,,,,,,,,,,,,,,,
,,,,,,,,,,,,,,,,337.299988,,,,,,,,,,,,,,,,,
,,,,,,,,,,,,,,,,324.859985,,,,,,,,,,,,,,,,,
,,,,,,,,,,,,,,,,323.350006,,,,,,,,,,,,,,,,,
,,,,,,,,,,,,,,,,334.98999,,,,,,,,,,,,,,,,,
,,,,,,,,,,,,,,,,331.269989,,,,,,,,,,,,,,,,,
,,,,,,,,,,,,,,,,324.399994,,,,,,,,,,,,,,,,,
,,,,,,,,,,,,,,,,318.170013,,,,,,,,,,,,,,,,,
,,,,,,,,,,,,,,,,328.149994,,,,,,,,,,,,,,,,,
,,,,,,,,,,,,,,,,340.320007,,,,,,,,,,,,,,,,,
,,,,,,,,,,,,,,,,344.440002,,,,,,,,,,,,,,,,,
,,,,,,,,,,,,,,,,351.48999,,,,,,,,,,,,,,,,,
,,,,,,,,,,,,,,,,350.079987,,,,,,,,,,,,,,,,,
,,,,,,,,,,,,,,,,356.959991,,,,,,,,,,,,,,,,,
,,,,,,,,,,,,,,,,351.829987,,,,,,,,,,,,,,,,,
,,,,,,,,,,,,,,,,359.649994,,,,,,,,,,,,,,,,,
,,,,,,,,,,,,,,,,359.350006,,,,,,,,,,,,,,,,,
,,,,,,,,,,,,,,,,364.910004,,,,,,,,,,,,,,,,,
,,,,,,,,,,,,,,,,371.190002,,,,,,,,,,,,,,,,,
,,,,,,,,,,,,,,,,367.089996,,,,,,,,,,,,,,,,,
,,,,,,,,,,,,,,,,362.540009,,,,,,,,,,,,,,,,,
,,,,,,,,,,,,,,,,361.850006,,,,,,,,,,,,,,,,,
,,,,,,,,,,,,,,,,369.299988,,,,,,,,,,,,,,,,,
,,,,,,,,,,,,,,,,361.100006,,,,,,,,,,,,,,,,,
,,,,,,,,,,,,,,,,353.26001,,,,,,,,,,,,,,,,,
,,,,,,,,,,,,,,,,354.100006,,,,,,,,,,,,,,,,,
,,,,,,,,,,,,,,,,349.149994,,,,,,,,,,,,,,,,,
,,,,,,,,,,,,,,,,340.890015,,,,,,,,,,,,,,,,,
,,,,,,,,,,,,,,,,339.450012,,,,,,,,,,,,,,,,,
,,,,,,,,,,,,,,,,346.350006,,,,,,,,,,,,,,,,,
,,,,,,,,,,,,,,,,338.429993,,,,,,,,,,,,,,,,,
,,,,,,,,,,,,,,,,338.690002,,,,,,,,,,,,,,,,,
,,,,,,,,,,,,,,,,346.26001,,,,,,,,,,,,,,,,,
,,,,,,,,,,,,,,,,341.209991,,,,,,,,,,,,,,,,,
,,,,,,,,,,,,,,,,334.149994,,,,,,,,,,,,,,,,,
,,,,,,,,,,,,,,,,325.399994,,,,,,,,,,,,,,,,,
,,,,,,,,,,,,,,,,329.579987,,,,,,,,,,,,,,,,,
,,,,,,,,,,,,,,,,317.140015,,,,,,,,,,,,,,,,,
,,,,,,,,,,,,,,,,316.76001,,,,,,,,,,,,,,,,,
,,,,,,,,,,,,,,,,328.01001,,,,,,,,,,,,,,,,,
,,,,,,,,,,,,,,,,313.25,,,,,,,,,,,,,,,,,
,,,,,,,,,,,,,,,,318.480011,,,,,,,,,,,,,,,,,
,,,,,,,,,,,,,,,,318.820007,,,,,,,,,,,,,,,,,
,,,,,,,,,,,,,,,,329.600006,,,,,,,,,,,,,,,,,
,,,,,,,,,,,,,,,,313,,,,,,,,,,,,,,,,,
,,,,,,,,,,,,,,,,309.25,,,,,,,,,,,,,,,,,
,,,,,,,,,,,,,,,,297.149994,,,,,,,,,,,,,,,,,
,,,,,,,,,,,,,,,,300.76001,,,,,,,,,,,,,,,,,
,,,,,,,,,,,,,,,,291.839996,,,,,,,,,,,,,,,,,
,,,,,,,,,,,,,,,,291.149994,,,,,,,,,,,,,,,,,
,,,,,,,,,,,,,,,,301.940002,,,,,,,,,,,,,,,,,
,,,,,,,,,,,,,,,,298.440002,,,,,,,,,,,,,,,,,
,,,,,,,,,,,,,,,,306.170013,,,,,,,,,,,,,,,,,
,,,,,,,,,,,,,,,,291.140015,,,,,,,,,,,,,,,,,
,,,,,,,,,,,,,,,,289.579987,,,,,,,,,,,,,,,,,
,,,,,,,,,,,,,,,,288.679993,,,,,,,,,,,,,,,,,
,,,,,,,,,,,,,,,,293.480011,,,,,,,,,,,,,,,,,
,,,,,,,,,,,,,,,,287.23999,,,,,,,,,,,,,,,,,
,,,,,,,,,,,,,,,,291.26001,,,,,,,,,,,,,,,,,
,,,,,,,,,,,,,,,,299.329987,,,,,,,,,,,,,,,,,
,,,,,,,,,,,,,,,,309.100006,,,,,,,,,,,,,,,,,
,,,,,,,,,,,,,,,,308.279999,,,,,,,,,,,,,,,,,
,,,,,,,,,,,,,,,,306,,,,,,,,,,,,,,,,,
,,,,,,,,,,,,,,,,314.380005,,,,,,,,,,,,,,,,,
,,,,,,,,,,,,,,,,306.200012,,,,,,,,,,,,,,,,,
,,,,,,,,,,,,,,,,307.220001,,,,,,,,,,,,,,,,,
,,,,,,,,,,,,,,,,309.869995,,,,,,,,,,,,,,,,,
,,,,,,,,,,,,,,,,307.640015,,,,,,,,,,,,,,,,,
,,,,,,,,,,,,,,,,299.399994,,,,,,,,,,,,,,,,,
,,,,,,,,,,,,,,,,288.839996,,,,,,,,,,,,,,,,,
,,,,,,,,,,,,,,,,275.410004,,,,,,,,,,,,,,,,,
,,,,,,,,,,,,,,,,275.910004,,,,,,,,,,,,,,,,,
,,,,,,,,,,,,,,,,282.799988,,,,,,,,,,,,,,,,,
,,,,,,,,,,,,,,,,271.390015,,,,,,,,,,,,,,,,,
,,,,,,,,,,,,,,,,274.690002,,,,,,,,,,,,,,,,,
,,,,,,,,,,,,,,,,281.079987,,,,,,,,,,,,,,,,,
,,,,,,,,,,,,,,,,280.670013,,,,,,,,,,,,,,,,,
,,,,,,,,,,,,,,,,284.850006,,,,,,,,,,,,,,,,,
,,,,,,,,,,,,,,,,294.609985,,,,,,,,,,,,,,,,,
,,,,,,,,,,,,,,,,292.450012,,,,,,,,,,,,,,,,,
,,,,,,,,,,,,,,,,283.540009,,,,,,,,,,,,,,,,,
